1.0608,-0.71857,-0.82902,-0.24019,-0.29339,0.11814,-0.16164,-1.2298,-0.48278,-0.17648,0.51815,-0.38612,0.43067,0.033563,-0.45153,0.13789,-0.013885,-0.49444,-0.11579,0.1784,0.12062,0.0030156,-0.069427,0.21872,-0.26162,-0.24019,-0.44973,-0.45185,0.0005031,1
1.2885,-0.69924,0.14206,0.21694,-0.35844,0.32157,-0.2904,-1.3234,-0.71958,-0.37164,0.52067,-0.83235,0.57219,-0.021283,-0.18003,0.32027,0.044573,-0.53864,-0.1467,0.13834,0.060337,0.0073634,-0.078103,0.23846,-0.25254,-0.2323,-0.45045,-0.43309,-0.0062869,1
-0.20402,1.5132,-0.88093,-0.14008,-0.26793,0.063522,-0.22444,-1.1075,-0.44369,0.063174,0.28251,-0.43043,0.42979,0.065696,-0.42844,0.15079,0.064695,-0.48781,-0.10401,0.15318,0.11309,0.06315,-0.030527,0.20074,-0.24061,-0.23307,-0.42332,-0.42472,-0.0020003,-1
1.1077,-0.72953,-0.74692,-0.061911,-0.28554,-0.10649,0.012576,-1.0758,-0.52316,-0.11468,0.50767,-0.37326,0.41991,0.039741,-0.40771,0.15091,-0.0024116,-0.48124,-0.13438,0.1829,0.12632,-0.0041257,-0.07812,0.22333,-0.26106,-0.24127,-0.45008,-0.45659,-0.0012847,1
0.99616,-0.62211,-0.34558,0.19353,0.049305,0.21721,-0.71277,-1.1461,-0.53828,0.028234,0.72947,-0.57222,0.53675,-0.019289,-0.43059,0.16003,0.048779,-0.44279,-0.12821,0.17742,0.13643,0.02151,-0.064977,0.22617,-0.26104,-0.24206,-0.44169,-0.44912,0.00046515,1
1.0001,-0.70194,-0.97735,-0.43556,-0.29287,0.1327,-0.017943,-1.2777,-0.49329,-0.14004,0.48845,-0.35459,0.43834,0.022458,-0.49936,0.12651,-0.015419,-0.48523,-0.10969,0.17374,0.11596,0.0014212,-0.070469,0.21551,-0.26088,-0.23861,-0.44781,-0.4521,0.0004773,1
0.64116,-0.34479,0.00053053,-0.31024,-0.15317,-0.72611,-0.35965,-0.8199,-0.49804,0.15189,0.37053,-0.43711,0.66552,-0.075979,-0.78387,0.0021128,0.091024,-0.36413,-0.14984,0.19366,0.14572,-0.018191,-0.13584,0.22167,-0.26512,-0.25014,-0.43002,-0.48655,-0.0058037,-1
-0.25356,1.5329,-0.88018,-0.13398,-0.23501,0.084629,-0.22731,-1.067,-0.44417,0.056721,0.24512,-0.45748,0.41279,0.073569,-0.41489,0.13166,0.051705,-0.47543,-0.10572,0.1573,0.11851,0.06674,-0.025282,0.19837,-0.24171,-0.23548,-0.42484,-0.42447,-0.001748,-1
1.154,-0.72376,-0.50737,0.14635,-0.26503,-0.14725,-0.01526,-0.97792,-0.53103,-0.10198,0.5432,-0.44651,0.44958,0.021638,-0.39095,0.16959,0.0075097,-0.5006,-0.13594,0.18046,0.13471,0.0061378,-0.065754,0.21968,-0.26276,-0.24216,-0.44981,-0.45651,-0.0022178,1
-0.17472,1.4937,-0.87576,-0.15996,-0.36287,0.094474,-0.14821,-1.0481,-0.29423,-0.051056,0.31318,-0.45639,0.40857,0.044991,-0.42021,0.1632,0.05559,-0.48078,-0.10464,0.15776,0.10868,0.05904,-0.032311,0.20263,-0.23955,-0.23271,-0.42392,-0.42204,-0.0020757,-1
0.96837,-0.65091,-0.71243,-0.17452,-0.10452,-0.020662,-0.00054697,-1.1057,-0.39594,-0.11421,0.45451,-0.37074,0.4888,-0.038353,-0.63764,0.10212,0.012242,-0.41866,-0.12192,0.17971,0.12847,0.00012696,-0.075972,0.21062,-0.2583,-0.24374,-0.43967,-0.45884,-0.0042391,1
0.01702,1.3828,-0.87744,-0.1891,-0.51632,0.043363,-0.10898,-1.1158,-0.21334,-0.22065,0.38496,-0.3907,0.37487,0.056418,-0.44533,0.17596,0.078722,-0.46082,-0.1479,0.16407,0.1495,0.082432,-0.01807,0.24064,-0.28646,-0.26602,-0.47195,-0.49539,0.00089319,-1
-0.24311,1.5015,-0.89106,-0.19394,-0.26111,0.14308,-0.19801,-1.0252,-0.58828,0.22906,0.34613,-0.54672,0.44508,0.084692,-0.44248,0.10537,0.025946,-0.5034,-0.12349,0.18175,0.1333,-0.0068,-0.11633,0.25264,-0.30141,-0.27441,-0.48677,-0.52043,0.00035685,-1
0.72977,-0.48818,-0.64968,-1.0264,-0.83253,-0.22895,-0.18853,-0.9566,-0.42509,-0.081371,0.65976,-0.47484,0.54525,-0.012747,-0.46839,0.10944,0.02363,-0.54397,-0.11273,0.18953,0.13566,0.014441,-0.074446,0.21663,-0.26767,-0.24626,-0.45418,-0.4638,0.00015736,1
-0.41729,1.6799,-0.83389,-0.31002,-0.10385,0.24411,-0.029426,-0.70485,-1.0831,-0.37129,1.0863,-0.24705,0.50851,0.078351,-0.60481,0.13651,-0.050589,-0.47974,-0.12359,0.19744,0.040807,-0.091705,-0.19197,0.22358,-0.24778,-0.23265,-0.43353,-0.43629,-0.0011821,-1
-0.46083,1.5795,-0.81954,-0.30187,-0.098153,0.22827,-0.044447,-0.72213,-1.071,-0.38609,1.0534,-0.21936,0.51868,0.063969,-0.59556,0.14937,-0.057549,-0.48232,-0.1247,0.18912,0.064896,-0.023488,-0.2317,0.20916,-0.21772,-0.17186,-0.43894,-0.44067,-0.0073253,-1
1.1502,-0.73844,-0.63965,0.080953,-0.2954,-0.18898,0.043856,-0.98267,-0.54435,-0.08436,0.53412,-0.39596,0.42032,0.043242,-0.37333,0.16116,-0.0022452,-0.50327,-0.13628,0.18535,0.13361,-0.0011798,-0.073494,0.22248,-0.2608,-0.24398,-0.45297,-0.45844,-0.0033489,1
1.0076,-0.63476,-0.40601,0.13314,-0.045678,-0.13034,0.00015105,-0.89887,-0.37566,-0.048139,0.51859,-0.44742,0.53207,-0.072031,-0.66488,0.10667,0.020927,-0.44422,-0.11918,0.18115,0.15018,0.011379,-0.059346,0.20162,-0.26387,-0.24597,-0.43829,-0.46285,-0.0046733,1
0.3895,0.97206,-0.40396,0.17609,-0.37841,-0.20364,-0.61919,-1.363,-0.36093,0.22871,0.65743,-0.37615,0.46143,0.097927,-0.39034,0.27396,0.213,-0.5119,-0.11196,0.14161,0.025724,-0.044475,-0.071322,0.19336,-0.26437,-0.27158,-0.40843,-0.42879,0.020818,-1
1.1589,-0.73935,-0.61794,0.10539,-0.28877,-0.20681,0.044937,-0.98478,-0.54849,-0.098263,0.51946,-0.39637,0.41787,0.045091,-0.36331,0.16518,0.0013168,-0.49266,-0.14171,0.18431,0.13094,-0.004588,-0.078122,0.22527,-0.26238,-0.24151,-0.45124,-0.45811,-0.0015641,1
0.8808,-0.62442,-0.90446,-0.43403,-0.07305,0.11705,-0.032852,-1.2646,-0.3782,-0.15976,0.47376,-0.33502,0.41146,-0.0014195,-0.48348,0.13396,-0.008155,-0.48178,-0.095435,0.17064,0.10459,-0.0074419,-0.080748,0.21947,-0.25749,-0.2346,-0.44759,-0.45154,-0.00062364,1
0.10016,0.80641,-0.36043,-0.14594,-0.1223,0.15019,-0.91013,-1.4999,-0.16124,0.18745,0.6703,-0.18613,0.77188,-0.31395,-0.18165,0.14374,-0.25089,-0.46573,0.10777,0.15651,-0.059769,-0.085572,0.068622,0.055122,-0.25039,-0.28495,-0.3929,-0.37428,0.0024661,-1
-0.28077,1.5437,-0.88976,-0.1614,-0.2684,0.14165,-0.18215,-0.99864,-0.48553,0.11175,0.31461,-0.51953,0.43378,0.067063,-0.42408,0.12306,0.02144,-0.49009,-0.098224,0.16995,0.096788,0.0086418,-0.085852,0.21124,-0.24687,-0.238,-0.43074,-0.43336,-0.001821,-1
1.0268,-0.70843,-0.92485,-0.34494,-0.2785,0.069566,-0.024979,-1.2541,-0.49489,-0.1619,0.46515,-0.34419,0.42346,0.033517,-0.47857,0.127,-0.016173,-0.4796,-0.1162,0.17676,0.11416,-0.005009,-0.07905,0.21985,-0.25999,-0.23916,-0.44851,-0.45337,-0.0001612,1
-0.28725,1.5453,-0.89439,-0.174,-0.29092,0.16688,-0.16028,-0.9712,-0.50226,0.14235,0.34762,-0.54979,0.44647,0.06269,-0.43311,0.11867,0.0075282,-0.4968,-0.094514,0.17584,0.085926,-0.020006,-0.1163,0.21768,-0.24925,-0.23902,-0.43329,-0.43785,-0.0018844,-1
-0.67466,-0.9009,-0.5608,-0.2332,-0.73007,-0.31374,-0.1672,-1.6857,-0.66079,0.19518,0.77922,-0.22905,0.59489,0.075783,-0.57324,0.22084,0.12607,-0.48381,0.045717,0.20843,0.12223,-0.016073,-0.038636,0.31412,-0.23903,-0.20257,-0.46098,-0.49038,-0.001212,-1
0.78427,-0.50737,-0.55756,-0.84068,-0.73335,-0.19784,-0.58651,-1.1239,-0.33154,-0.34479,0.5203,-0.4182,0.46954,0.037795,-0.42167,0.092557,0.019162,-0.45571,-0.14172,0.20275,0.10475,-0.025259,-0.13196,0.24516,-0.26319,-0.24357,-0.45165,-0.46218,0.0027222,1
0.78547,-0.50812,-0.5586,-0.84051,-0.7347,-0.19846,-0.587,-1.1249,-0.33237,-0.34565,0.51992,-0.4175,0.46867,0.038604,-0.41962,0.093013,0.019278,-0.45603,-0.14189,0.20266,0.10488,-0.024742,-0.13141,0.24515,-0.26313,-0.24354,-0.45169,-0.46206,0.002734,1
-0.28115,1.5442,-0.88194,-0.13848,-0.22752,0.10716,-0.21806,-1.033,-0.45438,0.066395,0.24681,-0.48052,0.41203,0.074009,-0.41056,0.12526,0.040789,-0.47638,-0.1043,0.16182,0.11496,0.053224,-0.038741,0.20075,-0.24349,-0.23687,-0.42709,-0.42681,-0.0017536,-1
-1.4851,-0.65113,-0.50776,-0.19246,-0.16419,-0.041465,-0.18704,-1.1989,-0.55608,-0.037396,0.41342,-0.3822,0.44739,0.055487,-0.42288,0.13052,0.024907,-0.48566,-0.13671,0.17656,0.15506,0.04626,-0.037859,0.22169,-0.28194,-0.25528,-0.46833,-0.48389,-0.0002735,-1
1.163,-0.74068,-0.58188,0.1062,-0.30598,-0.10012,-0.079134,-1.0116,-0.53567,-0.11518,0.56537,-0.43875,0.43379,0.037635,-0.35805,0.17336,0.0030944,-0.50128,-0.13777,0.18359,0.13151,0.001209,-0.071468,0.2238,-0.26305,-0.24197,-0.45173,-0.45569,-0.001064,1
-0.26081,1.5343,-0.88353,-0.13828,-0.24369,0.098619,-0.21932,-1.0499,-0.4503,0.071104,0.25003,-0.47216,0.41825,0.071105,-0.41564,0.13188,0.046697,-0.48023,-0.10414,0.15996,0.11463,0.054669,-0.038174,0.20082,-0.24303,-0.23596,-0.42642,-0.42684,-0.0018799,-1
1.129,-0.72157,-0.60027,0.097439,-0.24604,-0.19685,0.04233,-0.97482,-0.51625,-0.090361,0.51381,-0.39502,0.43285,0.027849,-0.41959,0.15064,0.0013942,-0.48673,-0.13602,0.18434,0.13438,-0.0027179,-0.07554,0.22097,-0.26258,-0.2425,-0.44939,-0.45929,-0.0021602,1
1.0059,-0.70403,-0.97782,-0.41511,-0.2729,0.11001,-0.041832,-1.3017,-0.48366,-0.17884,0.45008,-0.33111,0.42175,0.032978,-0.49648,0.12043,-0.017963,-0.47124,-0.11418,0.17576,0.11051,-0.006747,-0.081513,0.22014,-0.25998,-0.23808,-0.44742,-0.45259,0.0006707,1
0.66368,-0.48497,-0.78075,-0.47944,0.36087,0.18023,0.07277,-1.148,0.078382,-0.19469,0.51368,-0.28698,1.2117,0.80683,-0.31149,0.10041,-0.023848,-0.50102,-0.15271,0.19156,0.12614,0.0059446,-0.080672,0.21497,-0.28656,-0.23509,-0.4506,-0.44948,-0.15923,1
0.71899,-0.30167,0.5549,-0.30284,-0.29653,-0.30096,0.15193,-1.0324,-0.47633,-0.11635,0.19393,-0.43186,0.60849,-0.080821,-0.67053,0.1185,0.093482,-0.29992,-0.17865,0.16813,0.084104,-0.025971,-0.1452,0.23507,-0.25136,-0.23807,-0.42471,-0.46608,-0.0088164,-1
-0.26967,1.5409,-0.8799,-0.13321,-0.22326,0.09239,-0.22771,-1.0501,-0.45428,0.046835,0.2407,-0.45984,0.40958,0.075961,-0.41427,0.12735,0.048397,-0.47202,-0.10692,0.15877,0.12003,0.067149,-0.023593,0.1975,-0.2423,-0.23653,-0.42528,-0.42447,-0.0016808,-1
-0.069198,0.093926,0.087027,-1.0435,0.40244,-0.035828,-0.12679,-0.95535,-1.0177,-0.4785,0.23676,-0.61373,0.44889,0.050108,-0.28915,0.033861,-0.026819,-0.4658,-0.11053,0.15019,0.10078,0.070727,0.01254,0.19402,-0.26096,-0.25352,-0.4541,-0.43338,-0.0032897,1
0.99433,-0.70552,-0.9777,-0.43053,-0.2922,0.12933,-0.020058,-1.2832,-0.49183,-0.14521,0.48525,-0.35209,0.43691,0.022792,-0.49969,0.1253,-0.01595,-0.4866,-0.11793,0.17195,0.11484,-0.0013292,-0.069849,0.21748,-0.2609,-0.23805,-0.44723,-0.45223,0.00035556,1
0.68743,-0.38839,-0.23185,-1.2541,-0.84874,0.026446,0.12721,-1.167,-1.0305,0.42667,0.74989,-0.86984,0.82085,-0.090962,-0.41257,0.20908,0.064154,-0.74462,-0.058338,0.11694,0.12533,0.082576,0.0021401,0.18232,-0.26865,-0.23948,-0.45581,-0.45309,-0.0064567,1
0.89197,-0.57645,-0.68948,-0.14516,0.0773,-0.064997,-0.081368,-1.1776,-0.53114,0.069372,0.44951,-0.37374,0.47985,0.0083563,-0.6407,0.096305,0.047078,-0.45783,-0.10961,0.16902,0.12442,-0.0048536,-0.079689,0.2039,-0.26278,-0.24055,-0.44089,-0.46497,-0.0024763,-1
0.74937,-0.49646,-0.6388,-1.0019,-0.80976,-0.26524,-0.22907,-1.0092,-0.39949,-0.13094,0.59635,-0.43374,0.52653,-0.0046222,-0.45404,0.11528,0.045124,-0.53154,-0.11973,0.18014,0.15245,0.059674,-0.027324,0.2068,-0.26385,-0.24461,-0.45004,-0.4567,0.00027596,1
0.4364,-0.55139,-0.4536,0.14259,0.46304,-0.24915,-0.043575,-1.1236,-0.45466,0.22386,0.59924,-0.39996,0.44126,-0.048702,-0.31501,0.17938,0.081778,-0.66931,-0.23423,0.18925,0.12613,-0.2526,0.21653,0.5882,-0.1309,-0.11662,-0.46378,-0.48642,-0.059555,1
0.70909,-0.46022,-0.61555,-0.7267,-0.53287,-0.21746,-0.41058,-1.3468,-0.73367,0.21481,0.35579,-0.06597,0.40744,0.17114,-0.48468,0.025003,0.047464,-0.35694,-0.20869,0.1872,0.10862,-0.06625,-0.15318,0.26798,-0.41594,-0.13655,-1.1396,0.044528,0.051012,-1
1.1688,-0.73752,-0.57467,0.12488,-0.29085,-0.21342,0.064738,-0.98437,-0.56346,-0.10253,0.5125,-0.41094,0.42155,0.044684,-0.35336,0.17035,0.00012617,-0.50267,-0.14033,0.18206,0.1289,-0.0043943,-0.077691,0.22522,-0.26231,-0.24113,-0.45174,-0.45774,-0.0019408,1
-1.4576,-0.6632,-0.50983,-0.2063,-0.20857,-0.035113,-0.16076,-1.1986,-0.54578,-0.033977,0.462,-0.39177,0.45732,0.048706,-0.43368,0.1343,0.019445,-0.49101,-0.13419,0.17858,0.14592,0.02939,-0.055921,0.22659,-0.28225,-0.25482,-0.46865,-0.48532,-0.00024512,-1
0.33952,-0.084365,-0.31914,-0.4344,-0.28566,0.19872,-0.98549,-1.4559,-0.41843,0.1216,0.6681,-0.42778,0.29052,0.29633,-0.53094,0.26589,0.42145,-0.46874,0.011527,0.23516,0.18381,0.038075,-0.24425,0.40091,-0.34511,-0.51043,-0.41602,-0.38306,0.0080248,-1
0.40071,-0.45971,-0.57754,-0.64482,-0.45026,-0.24331,-0.34648,-1.5152,-0.6574,0.16518,0.45253,-0.13814,0.38435,0.11599,-0.455,0.03586,0.12776,-0.54576,-0.5352,0.57356,0.61458,-0.35672,-0.12197,0.052923,-0.24037,-0.15039,-0.34267,-0.3578,-0.00017015,-1
0.99507,-0.63968,-0.44094,0.10275,0.0072922,0.26839,-0.73289,-1.21,-0.54801,0.016158,0.71345,-0.55557,0.51399,-0.00056793,-0.37365,0.17825,0.044596,-0.47052,-0.12144,0.17553,0.12523,0.012605,-0.068598,0.22505,-0.26178,-0.23988,-0.44652,-0.44962,0.0007294,1
0.417,-0.20608,0.12201,-0.37205,0.078211,-0.38668,-0.092052,-0.78643,-0.12976,0.033641,0.5385,-0.21506,0.35581,-0.01878,-0.33457,0.14753,0.078718,-0.371,-0.13485,0.19635,0.10475,-0.031967,-0.13652,0.24962,-0.25052,-0.23253,-0.44413,-0.46535,-0.0032579,1
1.0052,-0.70379,-0.97777,-0.41751,-0.27524,0.11268,-0.039016,-1.2989,-0.48479,-0.17426,0.45459,-0.33387,0.42371,0.031717,-0.49682,0.12116,-0.017642,-0.47292,-0.11364,0.17565,0.11109,-0.0057349,-0.080236,0.21959,-0.25981,-0.23838,-0.4476,-0.45255,0.00041925,1
0.85756,-0.54937,-0.30925,0.11091,0.23473,0.27822,-0.72197,-1.1433,-0.40748,0.052376,0.6964,-0.57055,0.57211,-0.081735,-0.53972,0.15355,0.067413,-0.42732,-0.10898,0.17226,0.13124,0.016893,-0.064746,0.21424,-0.26073,-0.24023,-0.43796,-0.45283,-0.0015064,1
1.0032,-0.70304,-0.9776,-0.42474,-0.28231,0.12069,-0.030592,-1.2904,-0.48819,-0.16058,0.46813,-0.34216,0.42956,0.028036,-0.49783,0.12328,-0.016774,-0.47781,-0.11207,0.17477,0.1131,-0.0029219,-0.076307,0.21797,-0.26051,-0.23824,-0.44755,-0.45235,0.00066506,1
1.2887,-0.69914,0.14344,0.21762,-0.35896,0.322,-0.29075,-1.3234,-0.71916,-0.37187,0.52035,-0.83101,0.57062,-0.019642,-0.18174,0.3178,0.041247,-0.54499,-0.14421,0.13785,0.061205,0.0072299,-0.077289,0.23783,-0.25411,-0.23139,-0.45033,-0.43319,-0.0052498,1
1.0116,-0.70594,-0.95138,-0.40353,-0.2869,0.15763,-0.098057,-1.2989,-0.47899,-0.17432,0.48541,-0.35636,0.43264,0.027467,-0.49151,0.12675,-0.01519,-0.48199,-0.11116,0.17456,0.11547,0.0027524,-0.070004,0.21682,-0.26073,-0.23853,-0.4477,-0.45098,0.00095303,1
-1.4186,-0.68378,-0.49609,-0.21996,-0.29947,-0.015908,-0.08557,-1.1347,-0.35822,-0.2314,0.47783,-0.37644,0.42781,0.021832,-0.43058,0.16263,0.026287,-0.47821,-0.14006,0.17941,0.14953,0.046822,-0.032473,0.22284,-0.27959,-0.25396,-0.46703,-0.47893,-0.00057537,-1
-0.21121,1.513,-0.88757,-0.1463,-0.28845,0.082863,-0.21026,-1.0869,-0.4551,0.086229,0.29382,-0.46209,0.43168,0.068055,-0.42904,0.13855,0.050806,-0.4863,-0.10285,0.15759,0.10961,0.05049,-0.04388,0.20328,-0.24205,-0.23449,-0.42488,-0.42657,-0.001781,-1
0.88959,0.27934,-1.2299,-0.013858,-0.51379,0.074373,0.018634,-1.5792,-0.39431,-0.20566,0.49786,-0.31051,0.71315,-0.25461,-0.36405,0.15107,-0.24582,-0.43215,-0.072335,0.26812,0.063838,-0.23191,0.17092,-0.14126,-0.35912,-0.28112,-0.5225,-0.58719,-0.010541,-1
1.0103,-0.70572,-0.95225,-0.4057,-0.28824,0.16497,-0.10266,-1.2984,-0.47974,-0.17308,0.49028,-0.36218,0.43563,0.025303,-0.49026,0.12898,-0.013418,-0.47602,-0.11321,0.17569,0.11307,-0.00067119,-0.074642,0.2184,-0.25962,-0.23934,-0.44802,-0.45128,0.00012517,1
-0.97181,0.55745,-0.62203,-0.41367,-0.066321,0.19449,0.016203,-0.72406,-1.1317,-0.36433,1.1895,-0.36043,0.32618,0.33621,-0.75176,0.21038,0.33956,-0.49414,0.05106,0.33968,-0.10534,-0.75795,0.3796,0.48194,-0.51743,-0.77588,-0.41442,-0.43312,0.044908,-1
0.48476,-0.047923,-0.69318,-0.46979,0.65491,0.102,0.15037,-1.2235,-0.029408,-0.37882,0.97653,-0.47798,0.58102,0.89963,-0.58396,0.047713,0.23736,-0.43447,-0.17121,0.16769,0.082246,0.0085347,-0.00020179,0.13094,-0.22571,-0.26302,-0.44019,-0.45938,0.32663,-1
0.69626,-0.377,-0.14708,-1.2722,-0.85151,0.052566,0.18032,-1.2164,-1.0715,0.39911,0.7155,-0.91162,0.83766,-0.098178,-0.39548,0.22575,0.065855,-0.75678,-0.056376,0.10794,0.1135,0.082431,0.0008294,0.18327,-0.26711,-0.23727,-0.45556,-0.45043,-0.0074143,1
0.74585,-0.49447,-0.65075,-0.97105,-0.77967,-0.29088,-0.25246,-1.0238,-0.39538,-0.1826,0.55513,-0.41576,0.49851,0.016634,-0.45936,0.089868,0.015279,-0.50431,-0.12472,0.19483,0.12161,-0.0060286,-0.10274,0.22887,-0.2652,-0.24468,-0.45285,-0.46468,0.00092586,1
0.68969,-0.38648,-0.21601,-1.2553,-0.84717,0.028967,0.13467,-1.1788,-1.0372,0.41744,0.73943,-0.87522,0.82226,-0.091213,-0.40906,0.21157,0.064206,-0.74543,-0.05844,0.11546,0.12254,0.081692,0.00073861,0.18298,-0.26827,-0.23901,-0.45572,-0.45264,-0.006609,1
-1.445,-0.67222,-0.52251,-0.22569,-0.26559,-0.004736,-0.12852,-1.1729,-0.57691,0.012389,0.51772,-0.4301,0.47913,0.04375,-0.44763,0.13117,0.0027847,-0.50295,-0.12986,0.18544,0.13206,-0.006591,-0.094293,0.23483,-0.28529,-0.25601,-0.47165,-0.49093,-0.00025524,-1
-0.26547,1.529,-0.88605,-0.19743,-0.39528,0.21227,-0.066801,-0.87773,-0.3204,-0.021688,0.37811,-0.57294,0.42014,0.03481,-0.42421,0.13951,-0.0010199,-0.48907,-0.096581,0.18221,0.081695,-0.024935,-0.11689,0.21905,-0.24862,-0.23914,-0.43458,-0.435,-0.0021885,-1
-0.28119,1.543,-0.91125,-0.16469,-0.25515,0.1395,-0.21857,-1.048,-0.64865,0.30426,0.34597,-0.55126,0.47794,0.081801,-0.44029,0.10521,0.0098787,-0.51252,-0.090259,0.17227,0.083695,-0.028983,-0.13079,0.22017,-0.25057,-0.23855,-0.43347,-0.44225,-0.0016777,-1
0.96292,-0.67125,-0.97659,-0.39561,-0.13983,0.067808,-0.1297,-1.3893,-0.64935,-0.0069593,0.43134,-0.31947,0.43981,0.06206,-0.50171,0.098173,-0.0090484,-0.48015,-0.10916,0.16973,0.11092,-0.007537,-0.08622,0.21937,-0.26071,-0.23744,-0.44658,-0.4558,0.0011198,-1
0.79394,-0.33105,0.72238,-0.11233,-0.48009,-0.010657,0.27639,-1.0385,-0.37992,-0.10021,0.18773,-0.055816,0.30299,0.1564,-0.73855,-0.092057,-0.23705,-0.85423,0.034623,0.19316,0.1482,-0.02244,-0.076958,0.18031,-0.28073,-0.25175,-0.47278,-0.4813,-0.0034318,-1
0.78542,-0.52319,-0.40788,-0.04431,0.28206,0.36087,-0.738,-1.2366,-0.3838,0.023958,0.71046,-0.5509,0.52714,-0.066173,-0.45536,0.17042,0.055238,-0.46424,-0.096731,0.16439,0.11547,0.014806,-0.069352,0.21616,-0.25971,-0.23698,-0.44224,-0.4479,-0.00040302,1
-0.25412,1.5301,-0.89516,-0.1632,-0.2971,0.13352,-0.17976,-1.0184,-0.48787,0.11984,0.32633,-0.51786,0.43734,0.068358,-0.42657,0.12374,0.02334,-0.49109,-0.098699,0.16833,0.097589,0.012789,-0.082107,0.21082,-0.24621,-0.23752,-0.4298,-0.43241,-0.0016732,-1
1.0037,-0.70323,-0.97765,-0.42292,-0.28053,0.11868,-0.032697,-1.2925,-0.48734,-0.164,0.46475,-0.34009,0.42809,0.028946,-0.49758,0.12276,-0.01698,-0.47661,-0.11246,0.17505,0.11257,-0.0036,-0.077302,0.21837,-0.26019,-0.2384,-0.44763,-0.45241,0.00048854,1
0.97175,-0.67995,-0.97972,-0.39488,-0.15274,0.06732,-0.13055,-1.391,-0.6569,-0.0086015,0.42919,-0.3171,0.44476,0.060026,-0.50426,0.093971,-0.014577,-0.47655,-0.1101,0.17052,0.11235,-0.0066306,-0.085858,0.22002,-0.26064,-0.23776,-0.44614,-0.4554,0.00122,-1
1.1776,-0.72492,-0.47829,0.12418,-0.28803,-0.19602,0.11514,-1.0205,-0.59735,-0.12627,0.47952,-0.44747,0.43482,0.040082,-0.34669,0.17836,-0.0065839,-0.53117,-0.13163,0.1741,0.12038,-0.0041197,-0.076767,0.22392,-0.26174,-0.23977,-0.45269,-0.45614,-0.0030195,1
-1.4825,-0.6536,-0.5162,-0.22275,-0.22781,0.0059629,-0.13109,-1.1472,-0.57477,0.0008973,0.50168,-0.43917,0.46816,0.046715,-0.44079,0.12179,-0.0041975,-0.49571,-0.13009,0.1879,0.1331,-0.007501,-0.094075,0.23437,-0.28581,-0.25717,-0.47252,-0.49092,-0.00016849,-1
-0.42703,1.6637,-0.83136,-0.31064,-0.10417,0.24372,-0.028225,-0.70423,-1.0858,-0.37289,1.0895,-0.25205,0.50141,0.089864,-0.61217,0.14317,-0.04049,-0.47704,-0.10646,0.2019,0.045864,-0.080184,-0.20515,0.22491,-0.23492,-0.20603,-0.43899,-0.4428,-0.0033907,-1
0.48376,-0.30435,-0.27801,-0.64987,-0.13368,-0.20429,-0.16049,-0.95287,-0.029978,-0.033813,0.47229,-0.086779,0.83612,0.50644,-0.37896,0.064583,0.051698,-0.34332,-0.22232,0.19588,0.11806,-0.06057,-0.13923,0.25375,-0.35532,-0.15861,-1.1398,0.023302,0.56135,-1
0.48232,-0.085862,-0.69038,-0.47362,0.65219,0.11241,0.13958,-1.2075,-0.0015902,-0.34834,0.91915,-0.45863,0.62609,0.84749,-0.55299,0.064047,0.21272,-0.44877,-0.16222,0.16922,0.087267,0.0050352,-0.011771,0.13993,-0.22524,-0.26018,-0.44135,-0.46048,0.32551,-1
0.78995,-0.51095,-0.45296,0.023685,0.34175,-0.17633,-0.062028,-1.0245,-0.46105,0.16529,0.48888,-0.38374,0.51281,-0.060061,-0.62895,0.088933,0.02982,-0.46196,-0.09015,0.16825,0.13639,0.0028147,-0.073108,0.20572,-0.26036,-0.23912,-0.43846,-0.46445,-0.0047033,1
1.0088,-0.70517,-0.95415,-0.41238,-0.29229,0.16558,-0.09088,-1.2929,-0.48224,-0.1631,0.4968,-0.36484,0.43902,0.022931,-0.49136,0.13042,-0.01196,-0.47953,-0.11217,0.17416,0.11578,0.0036674,-0.069023,0.21649,-0.26071,-0.23855,-0.44742,-0.4508,0.00087883,1
0.72984,-0.4873,-0.64434,-1.0292,-0.83435,-0.22544,-0.18323,-0.9577,-0.42844,-0.07988,0.66078,-0.47939,0.54768,-0.01407,-0.46756,0.11098,0.023948,-0.54589,-0.11223,0.18881,0.13537,0.01511,-0.073614,0.2163,-0.26764,-0.24618,-0.4542,-0.46359,7.187e-05,1
-0.25646,1.534,-0.87999,-0.13138,-0.2313,0.084026,-0.23044,-1.0656,-0.44441,0.051371,0.23668,-0.45589,0.41083,0.074749,-0.41522,0.12991,0.052293,-0.4728,-0.10675,0.15709,0.12072,0.070752,-0.020814,0.19713,-0.24163,-0.23574,-0.42459,-0.42399,-0.001723,-1
1.0373,-0.71303,-0.89151,-0.31662,-0.29144,0.12352,-0.11299,-1.2507,-0.48405,-0.16437,0.5065,-0.37234,0.43479,0.027394,-0.46794,0.13687,-0.0082731,-0.48042,-0.11743,0.17605,0.11979,0.0057632,-0.06699,0.21752,-0.26093,-0.23917,-0.44788,-0.45116,0.00072676,1
-0.23324,1.5202,-0.89796,-0.16402,-0.31463,0.12623,-0.18081,-1.0328,-0.48882,0.1222,0.33222,-0.50575,0.44551,0.064747,-0.43102,0.13427,0.030964,-0.49787,-0.098596,0.16635,0.097068,0.013556,-0.08192,0.21091,-0.24598,-0.23658,-0.42938,-0.43271,-0.0018752,-1
-0.091212,1.2999,-0.58348,-0.048938,-0.15681,0.44409,-0.98912,-1.0675,-0.67528,-0.31761,0.57056,0.01953,0.89725,-0.32858,-0.30998,0.43521,-0.0056166,-0.59275,-0.088055,0.15283,0.13624,0.065199,-0.053015,0.26155,-0.23955,-0.22177,-0.41622,-0.40917,-0.0068087,-1
-0.14946,1.4961,-0.73246,0.09142,-0.3611,-0.016571,-0.12235,-0.85066,-0.55031,0.18098,0.40087,-0.56843,0.45942,0.070156,-0.40504,0.13084,0.027268,-0.47761,-0.11972,0.17799,0.10374,-0.0013698,-0.097655,0.21672,-0.24844,-0.24149,-0.42981,-0.43738,-0.0025163,-1
0.61083,0.40345,-0.87456,-0.32701,-0.82842,-0.26118,-0.37756,-1.5966,-0.68087,0.18368,0.37451,0.014503,0.75182,-0.14618,-0.32207,0.026279,-0.28475,-0.25689,-0.094077,0.15114,-0.17454,-0.28096,0.16784,-0.13032,-0.47819,-0.16349,-1.1895,-0.054348,0.038037,-1
1.0766,-0.71138,-0.7331,-0.083995,-0.24769,-0.086353,0.013519,-1.0751,-0.49528,-0.1079,0.50174,-0.37496,0.43602,0.02254,-0.46215,0.13757,-0.0030758,-0.47821,-0.12759,0.18161,0.12899,-0.0019256,-0.074798,0.21883,-0.26209,-0.2413,-0.44796,-0.4573,-0.0011524,1
0.73009,-0.45469,-0.53452,-0.93232,-0.58684,-0.35161,-0.36046,-1.2978,-0.76567,0.032884,0.38554,-0.42706,0.55238,0.067266,-0.43608,0.073818,0.025997,-0.52523,-0.12192,0.17355,0.098138,-0.020272,-0.13272,0.23753,-0.26359,-0.23972,-0.4513,-0.46849,0.00011309,1
0.54959,-0.27143,-0.74899,-0.44857,0.47519,0.1733,0.072596,-1.15,0.11812,-0.16397,0.53749,-0.40626,0.82462,0.66173,-0.46263,0.21774,0.20906,-0.5759,-0.13646,0.17145,0.10001,-0.038284,-0.092464,0.16857,-0.23225,-0.24692,-0.45527,-0.48536,0.31821,-1
1.1729,-0.73532,-0.55064,0.12677,-0.29084,-0.21196,0.078774,-0.993,-0.57459,-0.10889,0.50448,-0.42301,0.42693,0.04165,-0.3456,0.17743,0.0041458,-0.49884,-0.14295,0.18001,0.12549,-0.0046411,-0.078961,0.22631,-0.26145,-0.24059,-0.45129,-0.45697,-0.0023421,1
-0.53718,-0.73827,-0.49965,-0.35065,-0.37158,-0.32218,-0.27834,-1.649,-0.50449,0.11605,0.5886,-0.13426,0.49195,0.095316,-0.49679,0.25152,0.12846,-0.37889,0.24011,0.25101,0.14581,0.13643,-0.30358,0.17118,-0.31275,-0.32823,-0.53583,-0.55739,0.0023451,-1
-0.26102,1.5293,-0.88289,-0.18489,-0.36811,0.18694,-0.093274,-0.91044,-0.33107,-0.029457,0.3531,-0.54775,0.41304,0.04262,-0.42311,0.13598,0.0086856,-0.48084,-0.099918,0.1773,0.090944,-0.0015123,-0.092299,0.21365,-0.24675,-0.2387,-0.43201,-0.43144,-0.0019802,-1
-0.21535,1.5179,-0.88015,-0.1396,-0.26099,0.067315,-0.22252,-1.1018,-0.44127,0.06537,0.27948,-0.44449,0.42113,0.070712,-0.42327,0.13852,0.056749,-0.48013,-0.10427,0.15457,0.11429,0.064966,-0.028341,0.20034,-0.24045,-0.23384,-0.42332,-0.42378,-0.0016839,-1
-0.96584,-0.86373,-0.48136,-0.20267,-0.44111,-0.33436,-0.18509,-1.7357,-0.33079,-0.0025075,0.6729,-0.15479,0.52633,0.0030867,-0.51817,0.25285,0.11247,-0.53941,-0.11785,0.14135,0.073964,-0.01727,-0.13596,0.26619,-0.26238,-0.22522,-0.44951,-0.48274,-0.00099756,-1
1.0373,-0.71212,-0.9078,-0.30528,-0.27652,0.042561,-0.026584,-1.2315,-0.49472,-0.15918,0.46775,-0.34237,0.42,0.035874,-0.47004,0.12855,-0.014398,-0.47648,-0.11952,0.17867,0.1155,-0.0058319,-0.080436,0.22091,-0.25934,-0.24009,-0.44896,-0.45404,-0.00081128,1
0.88981,0.2757,-1.229,-0.014579,-0.5124,0.073597,0.017563,-1.579,-0.39414,-0.2065,0.49658,-0.3097,0.71196,-0.25344,-0.36397,0.1511,-0.24545,-0.43081,-0.07184,0.26807,0.060278,-0.23542,0.1734,-0.14626,-0.35976,-0.28134,-0.52305,-0.58832,-0.010701,-1
0.39397,0.91088,-0.2363,0.34338,-0.36118,-0.23455,-0.69431,-1.2989,-0.3962,0.19708,0.78852,-0.42177,0.46544,0.097575,-0.31742,0.26761,0.19837,-0.47221,-0.07387,0.16106,0.046817,-0.019108,-0.06349,0.22624,-0.27691,-0.34303,-0.38643,-0.38137,0.026424,-1
-1.4935,-0.64978,-0.50932,-0.23562,-0.25729,0.037735,-0.085899,-1.0843,-0.49949,-0.073865,0.51878,-0.45441,0.45764,0.032124,-0.43791,0.13102,-0.011974,-0.49391,-0.12986,0.19321,0.12771,-0.019911,-0.10442,0.23689,-0.2866,-0.25782,-0.47435,-0.4914,-0.0004385,-1
0.48473,-0.27858,-0.14039,-0.75359,-0.19817,-0.12305,-0.094364,-1.1304,-0.27157,-0.063333,0.39735,-0.21558,0.363,0.025069,-0.30557,0.16625,0.04934,-0.44704,-0.11737,0.18145,0.075811,-0.041878,-0.14962,0.25214,-0.25191,-0.22785,-0.45104,-0.46152,-0.0026533,1
-0.26817,1.534,-0.90064,-0.1761,-0.31642,0.16402,-0.1575,-0.98289,-0.50287,0.15435,0.35317,-0.55227,0.45009,0.062817,-0.43091,0.12188,0.009238,-0.50103,-0.094251,0.17482,0.086098,-0.018661,-0.11561,0.21776,-0.24905,-0.23853,-0.43319,-0.43774,-0.0018625,-1
1.001,-0.6575,-0.96426,-0.39826,-0.25863,0.15194,-0.073232,-1.311,-0.44181,-0.17833,0.48816,-0.35543,0.51793,0.14345,-0.49324,0.12312,0.013247,-0.51772,-0.18735,0.33974,0.042029,0.095549,-0.070028,0.25347,-0.020686,-0.37199,-0.55822,-0.46935,-0.27704,-1
-0.61688,-0.34485,-0.43247,-0.36581,-0.10707,-0.37358,-0.20213,-1.6821,-0.56011,-0.047736,0.96701,-0.28654,0.16528,0.44254,-0.70021,0.18532,0.37684,-0.26387,0.37518,0.31543,0.11613,0.0070099,-0.046267,0.3018,-0.25758,-0.24344,-0.54274,-0.57538,0.0033347,-1
1.0308,-0.71331,-0.88561,-0.34921,-0.29793,0.27496,-0.30002,-1.3267,-0.45466,-0.21821,0.53687,-0.4081,0.44638,0.021771,-0.46953,0.14162,-0.0061475,-0.4664,-0.11767,0.17736,0.11163,0.00092354,-0.074631,0.2214,-0.26081,-0.23892,-0.44738,-0.44847,0.0018294,1
-1.4199,-0.68024,-0.51378,-0.22813,-0.28454,-0.016897,-0.11193,-1.1737,-0.51323,-0.075598,0.53007,-0.39836,0.46492,0.036707,-0.44428,0.14681,0.013829,-0.49745,-0.13331,0.18187,0.13641,0.012215,-0.072057,0.23123,-0.28278,-0.25478,-0.4693,-0.48598,-0.00026869,-1
-0.93617,-0.70105,0.5153,-0.083558,0.073765,-0.50193,0.27154,-1.8185,-0.7298,-0.34865,1.062,-0.4635,0.38411,0.098693,-0.35968,0.10201,0.036564,-0.38545,-0.22522,0.12955,0.14978,0.082299,-0.039332,0.37511,-0.39037,-0.33515,-0.58633,-0.66402,0.0076719,-1
-1.4518,-0.66651,-0.52954,-0.22632,-0.24653,-0.0079209,-0.14684,-1.1911,-0.65692,0.076371,0.53592,-0.43497,0.49269,0.054072,-0.45412,0.12003,-0.0027009,-0.50737,-0.12827,0.18615,0.12897,-0.016501,-0.10547,0.23695,-0.28654,-0.25686,-0.47217,-0.49316,7.673e-06,-1
-0.29021,1.5495,-0.88714,-0.15672,-0.25091,0.1383,-0.18971,-0.99582,-0.48802,0.092731,0.30241,-0.50957,0.42776,0.069949,-0.42256,0.12132,0.023773,-0.48495,-0.10037,0.16909,0.10118,0.017962,-0.074961,0.20858,-0.24649,-0.23843,-0.4301,-0.43188,-0.0017528,-1
-0.62495,-0.57949,0.18098,0.3989,-0.23837,-0.40072,-0.52912,-1.4513,-0.49085,0.032754,1.0296,-0.3622,0.60889,-0.053709,-0.52619,0.10525,-0.011594,-0.41026,-0.44138,0.076925,0.070671,0.025062,-0.024725,0.15487,-0.15981,0.14318,-0.51905,-0.64648,-0.018345,-1
0.66837,-0.30463,0.53778,-0.57865,-0.74228,0.35107,0.63842,-0.7617,-0.5798,0.49496,0.77317,-0.51142,0.68346,-0.12583,-0.64479,0.19684,0.072023,-0.51237,-0.10853,0.15658,0.17381,0.091201,0.025494,0.16754,-0.26431,-0.24753,-0.43832,-0.45623,-0.0084707,-1
0.78703,-0.42195,0.0072738,-0.86664,-0.8472,0.38221,0.32663,-1.3999,-0.65674,-0.028117,0.37738,-0.21992,0.41195,0.092861,-0.33382,0.19932,0.031708,-0.37828,-0.17252,0.16882,0.073394,-0.0043172,-0.10595,0.24105,-0.24986,-0.23213,-0.4434,-0.44577,-0.00022545,-1
0.47555,-0.2867,-0.67293,-0.49506,0.63546,0.16266,0.086106,-1.1285,0.12776,-0.20243,0.63939,-0.35541,0.86094,0.57805,-0.40228,0.1309,0.071695,-0.50782,-0.11746,0.17887,0.1161,-0.0086144,-0.066347,0.1864,-0.22197,-0.24657,-0.44544,-0.46358,0.32024,-1
1.0152,-0.70752,-0.93852,-0.39162,-0.28794,0.1851,-0.1463,-1.3071,-0.47344,-0.18701,0.49542,-0.36898,0.43588,0.025879,-0.48565,0.1308,-0.012329,-0.47229,-0.11467,0.176,0.11222,-0.0015688,-0.076039,0.21963,-0.26047,-0.23861,-0.44751,-0.45072,0.0010691,1
-0.2052,1.5105,-0.87329,-0.12271,-0.29274,0.071489,-0.2051,-1.067,-0.45671,0.0971,0.29627,-0.46845,0.43472,0.066229,-0.4228,0.14357,0.052409,-0.48936,-0.10381,0.15866,0.10921,0.046326,-0.048673,0.20452,-0.24257,-0.23456,-0.42559,-0.4279,-0.0020165,-1
-0.23062,1.5154,-0.89166,-0.18157,-0.38102,0.16591,-0.11256,-0.95583,-0.37703,0.013398,0.36038,-0.53429,0.42608,0.048924,-0.43029,0.1365,0.016005,-0.48605,-0.10031,0.17342,0.093009,0.0049018,-0.087209,0.21262,-0.24619,-0.23794,-0.43055,-0.43116,-0.0018443,-1
0.61489,-0.41201,-0.49254,-0.13206,0.57443,-0.11521,-0.063393,-1.0694,-0.36358,0.14959,0.56945,-0.37324,0.4341,-0.061033,-0.44956,0.13846,0.03646,-0.48345,-0.069292,0.15825,0.11075,-0.00059813,-0.0747,0.21701,-0.25347,-0.22979,-0.44312,-0.4549,-0.0040376,1
-0.60494,-0.54028,-0.096226,0.32491,-0.45235,-0.17455,-0.79032,-1.5838,-0.38315,0.092175,0.9081,-0.33169,0.659,-0.11017,-0.31929,0.25028,-0.020908,-0.55988,-0.41617,0.074102,0.047361,-0.024584,-0.033985,0.12194,-0.19292,0.16796,-0.59638,-0.74489,-0.039036,-1
0.30637,-0.1887,-0.1001,-0.81859,0.043995,0.091829,-0.92756,-1.0147,0.15469,-0.31316,0.70666,-0.56603,0.47433,-0.12618,-0.32806,0.20579,0.09717,-0.51222,-0.068077,0.1804,0.076233,-0.025308,-0.12899,0.24395,-0.25596,-0.22844,-0.45417,-0.45565,-0.0015657,1
-0.43024,1.6652,-0.83247,-0.31439,-0.1092,0.25151,-0.021664,-0.69613,-1.0893,-0.36305,1.0995,-0.25859,0.50911,0.082103,-0.6102,0.13906,-0.05142,-0.48062,-0.11314,0.20126,0.041142,-0.090579,-0.21337,0.22523,-0.23949,-0.21394,-0.43803,-0.44198,-0.0027919,-1
0.7268,-0.47626,-0.66783,-0.86712,-0.54651,-0.43334,-0.48652,-1.264,-0.68438,0.0059636,0.37009,-0.31945,0.49619,0.097522,-0.4576,0.036785,0.018743,-0.48098,-0.13308,0.19118,0.10683,-0.034799,-0.15057,0.2444,-0.26451,-0.2421,-0.45091,-0.47351,0.0020748,-1
-0.25433,1.5205,-0.87017,-0.20982,-0.46451,0.24258,0.0085819,-0.79299,-0.12937,-0.21934,0.37994,-0.57214,0.38188,0.010651,-0.41165,0.16003,-0.001193,-0.47225,-0.10207,0.18529,0.085868,-0.0093692,-0.09487,0.2153,-0.24652,-0.23915,-0.43406,-0.42888,-0.0024376,-1
1.1277,-0.73934,-0.6403,-0.026277,-0.3233,0.21623,-0.43406,-1.1703,-0.46498,-0.19947,0.63549,-0.48938,0.45776,0.022828,-0.3841,0.1756,0.0086199,-0.47886,-0.13258,0.1842,0.12448,0.006416,-0.068507,0.22457,-0.26296,-0.2418,-0.44997,-0.4492,0.0014112,1
1.0047,-0.70362,-0.97776,-0.41926,-0.27689,0.11465,-0.036874,-1.2967,-0.48564,-0.17074,0.45799,-0.33591,0.42519,0.030648,-0.49705,0.12181,-0.017283,-0.47436,-0.11321,0.17622,0.11119,-0.0046985,-0.079399,0.21915,-0.25815,-0.2399,-0.44848,-0.45265,-0.0010148,1
-0.25645,1.515,-0.90217,-0.17603,-0.33301,0.15639,-0.15782,-0.99767,-0.5059,0.15408,0.35993,-0.54413,0.4553,0.060379,-0.43233,0.12387,0.0086252,-0.5022,-0.097005,0.17209,0.088955,-0.0083123,-0.11712,0.21478,-0.24639,-0.23316,-0.433,-0.43759,-0.0022488,-1
1.0113,-0.70606,-0.94996,-0.40288,-0.28775,0.16778,-0.11054,-1.3004,-0.47845,-0.1764,0.49019,-0.36275,0.43525,0.025728,-0.48943,0.12907,-0.013367,-0.47495,-0.11359,0.17541,0.11299,-0.0011812,-0.075078,0.21874,-0.26062,-0.23847,-0.4475,-0.45113,0.0010012,1
0.18938,0.21774,-0.31426,-0.78915,0.36837,-0.26659,-0.25701,-1.3989,-0.48096,0.042612,0.91177,-0.29326,-0.0098231,0.40719,-0.60398,-0.0037722,0.37031,-0.38271,-0.27091,0.65477,0.59807,-0.29841,-0.11212,-0.14941,-0.2315,-0.18825,-0.35285,-0.33853,0.0020307,-1
1.1372,-0.73648,-0.67861,0.038505,-0.2873,-0.16864,0.028681,-1.016,-0.53564,-0.10066,0.51958,-0.38594,0.41974,0.041146,-0.38061,0.16127,0.0038329,-0.48004,-0.14176,0.18545,0.12908,-0.0037583,-0.078645,0.22498,-0.25921,-0.24349,-0.45141,-0.45767,-0.0033719,1
0.91772,0.187,-1.195,-0.0014771,-0.5285,0.056164,0.010118,-1.5299,-0.41453,-0.19461,0.48664,-0.28623,0.74477,-0.2744,-0.36848,0.12832,-0.2961,-0.38987,-0.047381,0.19603,-0.051734,-0.22076,0.21383,-0.14581,-0.36944,-0.29417,-0.53971,-0.61684,-0.011235,-1
0.91065,0.19617,-1.2414,-0.038157,-0.58697,0.093815,0.03085,-1.5464,-0.43855,-0.17288,0.52009,-0.32662,0.71862,-0.23173,-0.38271,0.15653,-0.24186,-0.43265,-0.040916,0.20102,-0.011354,-0.18056,0.17581,-0.10199,-0.35423,-0.28612,-0.52725,-0.59088,-0.0096313,-1
1.1236,-0.73339,-0.70912,-0.006045,-0.28928,-0.13894,0.02125,-1.0385,-0.52874,-0.10266,0.51847,-0.37837,0.41767,0.04296,-0.39693,0.15179,-0.0053172,-0.49431,-0.1331,0.18399,0.13024,-0.0031886,-0.075791,0.22248,-0.2621,-0.24185,-0.45121,-0.45753,-0.0013584,1
0.11996,-0.40785,-0.51556,-0.5952,-0.29685,-0.28252,-0.29375,-1.587,-0.62689,0.089274,0.65588,-0.19192,0.28261,0.18764,-0.52947,-0.013092,0.18799,-0.58207,-0.7088,0.5375,0.58397,-0.46467,0.037191,0.10775,-0.23236,-0.10314,-0.3258,-0.36354,8.245e-05,-1
0.46614,-0.074611,-0.69277,-0.46412,0.64715,0.103,0.14871,-1.2262,-0.022112,-0.37173,0.96164,-0.47075,0.60084,0.87813,-0.57463,0.048652,0.22659,-0.44365,-0.18079,0.16884,0.085067,-0.0131,0.022139,0.16039,-0.22073,-0.24957,-0.43899,-0.46139,0.32596,-1
-1.4737,-0.66159,-0.52967,-0.24404,-0.28408,0.040275,-0.09701,-1.117,-0.6029,0.054152,0.55709,-0.48091,0.49115,0.039772,-0.4493,0.12319,-0.020564,-0.51291,-0.12433,0.19511,0.11729,-0.048012,-0.13754,0.24382,-0.2892,-0.25803,-0.47638,-0.4975,-0.00032279,-1
1.1715,-0.73529,-0.55467,0.12164,-0.29243,-0.20986,0.083278,-0.98964,-0.57727,-0.1027,0.51106,-0.43055,0.43405,0.035478,-0.34094,0.18551,0.014213,-0.48142,-0.14987,0.1796,0.1245,-0.003705,-0.079491,0.22762,-0.26051,-0.24031,-0.44994,-0.45631,-0.0024942,1
-1.4377,-0.6828,-0.51202,-0.2749,-0.42029,0.09247,0.0312,-0.99524,-0.34197,-0.20517,0.60622,-0.4946,0.44912,0.0017619,-0.44133,0.15247,-0.028611,-0.4956,-0.12927,0.20217,0.11395,-0.04533,-0.12716,0.2437,-0.28712,-0.25804,-0.47649,-0.49108,-0.00060319,-1
1.1652,-0.75155,-0.54951,0.11808,-0.3288,0.1281,-0.41322,-1.0795,-0.47956,-0.17331,0.66013,-0.50505,0.45638,0.025131,-0.34932,0.18681,0.013494,-0.48606,-0.14577,0.18719,0.12948,0.0092693,-0.070488,0.22299,-0.26031,-0.24823,-0.45286,-0.45102,-0.0027819,1
1.0007,-0.7022,-0.96792,-0.43591,-0.30208,0.15674,-0.035728,-1.2722,-0.49355,-0.13084,0.51004,-0.37003,0.44645,0.01769,-0.49758,0.13084,-0.013097,-0.48958,-0.10853,0.1733,0.11805,0.0055888,-0.065465,0.2139,-0.26078,-0.23926,-0.44812,-0.45148,0.00014803,1
1.1255,-0.73728,-0.65853,-0.024811,-0.31529,0.12996,-0.3198,-1.1399,-0.47996,-0.17609,0.60445,-0.45835,0.44485,0.030579,-0.39162,0.16484,-0.00099285,-0.49417,-0.12793,0.18429,0.12656,0.0038125,-0.069527,0.22291,-0.2631,-0.24222,-0.45123,-0.45167,0.00058094,1
1.0911,-0.66063,-0.30702,0.14007,-0.1398,-0.12342,0.074716,-1.0043,-0.5067,-0.12129,0.46845,-0.50861,0.5216,-0.043565,-0.50744,0.16766,0.029993,-0.4682,-0.13533,0.16655,0.12591,0.0091758,-0.057759,0.21678,-0.25894,-0.23831,-0.441,-0.45538,-0.0052252,1
0.43821,-0.21315,0.1621,-0.33959,0.059751,-0.39822,-0.077108,-0.77831,-0.14394,0.036045,0.51761,-0.2293,0.37216,-0.02525,-0.34702,0.1524,0.083953,-0.36977,-0.13842,0.19533,0.10495,-0.032678,-0.13855,0.2492,-0.25091,-0.23276,-0.44351,-0.46655,-0.0038534,-1
0.14593,1.333,-0.52173,0.10779,-0.4326,0.34841,-0.84242,-0.98725,-0.49364,-0.50575,0.70222,-0.10135,0.68973,-0.12142,-0.44331,0.56806,0.2636,-0.66727,-0.15825,0.15251,0.11152,-0.00018643,-0.072279,0.23681,-0.30719,-0.26174,-0.48498,-0.52271,-0.0070479,-1
1.1729,-0.74757,-0.56193,0.13992,-0.31356,-0.045618,-0.19062,-1.0092,-0.51828,-0.12447,0.60816,-0.4669,0.44659,0.028364,-0.34173,0.18933,0.021771,-0.47099,-0.15024,0.18543,0.13299,0.0060699,-0.068991,0.22629,-0.26224,-0.24217,-0.44972,-0.45353,-0.00053664,1
-0.29525,1.5517,-0.88737,-0.16136,-0.25522,0.14797,-0.18153,-0.98462,-0.49212,0.10429,0.31456,-0.52118,0.43243,0.067636,-0.42664,0.11947,0.018236,-0.48723,-0.098644,0.17149,0.096416,0.0058126,-0.087956,0.21137,-0.2474,-0.23877,-0.43111,-0.43376,-0.0018011,-1
1.1483,-0.74296,-0.62275,0.059729,-0.31096,0.012599,-0.22354,-1.0609,-0.50236,-0.14052,0.60082,-0.45483,0.44503,0.028169,-0.36489,0.17941,0.016071,-0.46958,-0.14455,0.18526,0.12987,0.0041941,-0.070999,0.22571,-0.2621,-0.24198,-0.44955,-0.45297,-0.0001032,1
-0.23819,1.5051,-0.87229,-0.15381,-0.16853,0.06873,-0.27233,-1.1065,-0.55169,0.16039,0.24149,-0.45544,0.4167,0.093918,-0.42597,0.11942,0.068272,-0.48705,-0.13239,0.16517,0.16121,0.06669,-0.039325,0.23596,-0.29521,-0.27117,-0.47986,-0.50991,0.00023648,-1
-0.8171,-0.91569,-0.086973,0.18191,-0.59464,-0.033647,-0.71627,-1.5647,-0.12492,-0.2168,0.96117,-0.38464,0.55873,-0.041824,-0.38995,0.33897,0.14274,-0.52521,-0.1418,0.15584,0.085566,0.0030854,-0.11184,0.27137,-0.2644,-0.23002,-0.45174,-0.47168,0.00050025,-1
1.1176,-0.75832,-0.62194,0.098418,-0.3225,-0.15066,0.010674,-0.98874,-0.54461,-0.074568,0.58144,-0.42678,0.4404,0.032898,-0.36911,0.17961,0.010342,-0.50335,-0.12481,0.18376,0.14179,0.021922,-0.072989,0.21087,-0.27209,-0.26198,-0.45431,-0.45732,-0.0014533,1
-0.26415,1.5346,-0.8959,-0.16786,-0.29963,0.14767,-0.17136,-0.99863,-0.49822,0.12814,0.33711,-0.52877,0.44409,0.065298,-0.43315,0.12293,0.017778,-0.49415,-0.097357,0.17146,0.092763,-0.0013374,-0.096737,0.21359,-0.24764,-0.23824,-0.43119,-0.43492,-0.0018002,-1
1.0063,-0.70417,-0.97788,-0.41385,-0.27161,0.10865,-0.043196,-1.3031,-0.48309,-0.18101,0.44783,-0.3297,0.4208,0.033435,-0.49629,0.1202,-0.017959,-0.47066,-0.11439,0.17674,0.10975,-0.0068657,-0.082319,0.22037,-0.25795,-0.23973,-0.44836,-0.45277,-0.00093798,1
1.1011,-0.72772,-0.75947,-0.084958,-0.28789,-0.090686,0.013228,-1.0852,-0.52246,-0.11261,0.51001,-0.37439,0.42239,0.037932,-0.4133,0.14988,-0.0032734,-0.48354,-0.13228,0.18215,0.12627,-0.0030468,-0.076576,0.22239,-0.26121,-0.24114,-0.45002,-0.4563,-0.0011689,1
1.0039,-0.70339,-0.96105,-0.42651,-0.29957,0.16399,-0.06043,-1.2795,-0.48915,-0.1424,0.50802,-0.37044,0.44465,0.019152,-0.49487,0.13118,-0.012548,-0.48612,-0.1098,0.17356,0.11729,0.0048658,-0.066699,0.21485,-0.26106,-0.23882,-0.44778,-0.45117,0.00064077,1
1.005,-0.70281,-0.97246,-0.42144,-0.27804,0.11747,-0.032249,-1.2985,-0.4887,-0.17032,0.45789,-0.33975,0.42715,0.029508,-0.49612,0.12328,-0.016919,-0.47606,-0.11281,0.17624,0.11039,-0.0039846,-0.079016,0.21892,-0.25653,-0.24112,-0.44925,-0.45258,-0.0023749,1
1.0025,-0.7028,-0.97755,-0.42714,-0.28465,0.12336,-0.027781,-1.2876,-0.48932,-0.15602,0.47265,-0.34493,0.43151,0.026794,-0.49817,0.124,-0.01647,-0.47947,-0.11154,0.17455,0.11373,-0.0019512,-0.075012,0.21742,-0.26056,-0.23835,-0.44762,-0.4523,0.0005984,1
-0.8986,-0.71273,0.58468,0.029748,0.061829,-0.57132,0.28706,-1.7478,-0.74559,-0.32939,1.0778,-0.4766,0.38773,0.099854,-0.34202,0.10895,0.043015,-0.38024,-0.23453,0.13231,0.15555,0.083384,-0.038453,0.37601,-0.39087,-0.3364,-0.58625,-0.66538,0.0072322,-1
1.0022,-0.70268,-0.97752,-0.42833,-0.2858,0.12469,-0.026366,-1.2861,-0.48989,-0.15371,0.47491,-0.3463,0.43249,0.02614,-0.49834,0.12439,-0.016287,-0.48034,-0.11126,0.17462,0.11395,-0.001392,-0.074397,0.21714,-0.26018,-0.23875,-0.44786,-0.4523,0.00023314,1
0.29125,-0.078553,-0.38665,-0.76577,0.12522,-0.1933,-0.34036,-1.3367,-0.37359,0.24672,0.45235,-0.14366,0.36473,0.022661,-0.39316,0.097028,0.1614,-0.49827,-0.2394,0.67244,0.71569,-0.25765,-0.25364,0.042502,-0.21428,-0.16157,-0.34854,-0.32467,-0.002388,-1
0.68184,-0.26664,0.52201,-0.31159,-0.22108,-0.33592,0.13172,-1.0148,-0.48832,-0.16454,0.37171,-0.38108,0.5035,-0.0081043,-0.63839,0.024575,0.0086791,-0.34097,-0.14765,0.17614,0.097041,-0.0056226,-0.10559,0.22684,-0.25141,-0.24357,-0.4279,-0.45564,-0.0046741,-1
0.77037,-0.49597,-0.41203,-0.0068935,0.3267,-0.12398,0.094432,-0.86984,-0.11058,-0.08561,0.57163,-0.39448,0.66823,0.091066,-0.5127,0.12382,0.014447,-0.43403,-0.12481,0.30396,0.074887,0.013703,-0.025287,0.16143,-0.27011,-0.2115,-0.44614,-0.45028,-0.19333,-1
1.1465,-0.7374,-0.64659,0.067959,-0.29696,-0.18002,0.044337,-0.98771,-0.54403,-0.083058,0.53566,-0.39678,0.42178,0.042333,-0.37648,0.16049,-0.0028637,-0.5044,-0.13513,0.18404,0.13407,-0.00089518,-0.072403,0.22197,-0.26292,-0.2422,-0.45195,-0.45811,-0.0016312,1
1.149,-0.7418,-0.62058,0.06171,-0.30923,-0.0124,-0.18613,-1.0531,-0.5095,-0.13452,0.59024,-0.44824,0.44183,0.03051,-0.36607,0.17668,0.012319,-0.47769,-0.14216,0.18486,0.13019,0.0038115,-0.070756,0.22493,-0.2619,-0.24229,-0.45024,-0.45363,-0.00064705,1
1.1407,-0.74718,-0.61989,0.10435,-0.29976,-0.20147,0.057562,-0.98056,-0.55227,-0.082941,0.54029,-0.40904,0.4287,0.034012,-0.36146,0.17161,0.0056012,-0.49508,-0.17296,0.17416,0.12895,0.0079033,-0.08694,0.2104,-0.26418,-0.25137,-0.45001,-0.45615,-0.0040213,1
1.0191,-0.70901,-0.93046,-0.38714,-0.28912,0.19455,-0.16714,-1.3125,-0.46911,-0.19082,0.50001,-0.37042,0.438,0.024003,-0.48251,0.13492,-0.0062404,-0.4728,-0.11528,0.17433,0.11705,0.010756,-0.062842,0.21638,-0.25865,-0.23966,-0.44735,-0.44893,4.8435e-05,1
-0.27264,1.5345,-0.88992,-0.18447,-0.34805,0.18779,-0.11226,-0.92503,-0.39659,0.04867,0.35603,-0.55931,0.42958,0.048029,-0.42553,0.13095,0.0052603,-0.49164,-0.096263,0.17827,0.08581,-0.017224,-0.11099,0.21721,-0.24847,-0.23886,-0.43361,-0.4355,-0.0020474,-1
0.50036,-0.38386,-0.70853,-0.43545,0.64633,0.073406,-0.14139,-1.2918,-0.33353,0.19701,0.47041,-0.32522,0.49713,-0.038484,-0.45909,0.1422,0.03676,-0.60704,-0.15816,0.53327,-0.12064,0.11753,-0.059654,0.21804,0.27009,-0.49147,-0.67621,-0.52022,-0.1693,-1
0.71537,-0.45682,-0.61525,-0.72991,-0.53177,-0.21609,-0.41057,-1.3434,-0.73429,0.21658,0.35561,-0.066401,0.40741,0.17171,-0.48408,0.025685,0.047786,-0.35436,-0.20084,0.18925,0.10922,-0.064184,-0.15479,0.26641,-0.41564,-0.13724,-1.1402,0.044596,0.050988,-1
0.33146,1.16,-0.94184,0.48519,0.052668,0.61448,-0.69882,-1.1028,-0.72749,-0.48597,0.65643,-0.36075,0.76817,-0.18298,-0.48582,0.58216,0.21887,-0.77399,-0.1041,0.11628,0.14162,0.064538,0.014886,0.21498,-0.30782,-0.26025,-0.48502,-0.505,-0.0094555,-1
1.123,-0.73336,-0.71045,-0.0079656,-0.29002,-0.13801,0.02298,-1.0372,-0.52973,-0.10022,0.52104,-0.38112,0.4202,0.040823,-0.3954,0.15452,-0.0019592,-0.48861,-0.13537,0.1837,0.13003,-0.0028498,-0.075836,0.22288,-0.26209,-0.24151,-0.45063,-0.45728,-0.0011696,1
-0.30359,1.5515,-0.89291,-0.17302,-0.27858,0.17374,-0.16031,-0.95972,-0.49442,0.14757,0.33538,-0.56009,0.44257,0.062443,-0.42657,0.11633,0.0043326,-0.49667,-0.093486,0.17711,0.08535,-0.023116,-0.11984,0.21828,-0.24965,-0.2392,-0.43422,-0.43859,-0.0019458,-1
1.1631,-0.73813,-0.59479,0.11081,-0.29514,-0.2066,0.066478,-0.97467,-0.56254,-0.086624,0.52981,-0.41825,0.43126,0.035753,-0.35139,0.1793,0.013333,-0.48003,-0.14868,0.18252,0.12937,-0.0019059,-0.076787,0.2261,-0.26066,-0.24164,-0.45034,-0.45711,-0.002591,1
-0.41706,1.6819,-0.83519,-0.32464,-0.088478,0.25626,-0.034735,-0.69459,-1.1352,-0.30756,1.1018,-0.26758,0.51859,0.087551,-0.61204,0.13062,-0.053226,-0.48179,-0.097412,0.209,0.036559,-0.11678,-0.21349,0.24378,-0.23945,-0.22117,-0.4339,-0.43635,-0.0030693,-1
1.152,-0.73772,-0.62578,0.084496,-0.30343,-0.18594,0.056685,-0.9702,-0.55101,-0.070868,0.54681,-0.40669,0.42552,0.04101,-0.37211,0.16283,-0.0039765,-0.51497,-0.13294,0.18339,0.13633,0.0013891,-0.068798,0.22047,-0.26365,-0.24234,-0.45251,-0.45824,-0.0016528,1
0.19896,-0.45382,-0.54109,-0.60255,-0.37095,-0.27574,-0.3082,-1.5787,-0.65363,0.10303,0.60447,-0.17244,0.31635,0.16606,-0.51007,-0.0094416,0.1571,-0.5733,-0.68985,0.53567,0.5843,-0.43069,-0.0081423,0.079657,-0.23979,-0.12228,-0.32894,-0.36194,0.0005129,-1
1.1393,-0.73936,-0.64985,0.030827,-0.30847,-0.028155,-0.14367,-1.0541,-0.51005,-0.12253,0.57995,-0.42965,0.43666,0.033242,-0.37983,0.16785,0.0056692,-0.4941,-0.13464,0.18369,0.13448,0.0099755,-0.062164,0.22056,-0.2615,-0.24321,-0.45125,-0.45391,-0.0014335,1
-1.5014,-0.644,-0.51344,-0.22367,-0.21132,0.015203,-0.12968,-1.1294,-0.57672,-0.0011406,0.49928,-0.44309,0.46794,0.044981,-0.43966,0.12222,-0.0067633,-0.49708,-0.12921,0.18972,0.13093,-0.014479,-0.10094,0.23558,-0.28664,-0.2576,-0.47359,-0.49226,-0.00030409,-1
1.1238,-0.73392,-0.68572,-0.016671,-0.30172,-0.045058,-0.086507,-1.0644,-0.51154,-0.1124,0.56039,-0.41034,0.43549,0.031597,-0.397,0.16215,0.0053527,-0.49736,-0.13109,0.18022,0.13781,0.017217,-0.05304,0.21662,-0.2622,-0.24185,-0.4499,-0.45335,-0.00068757,1
1.1519,-0.74,-0.62668,0.080798,-0.3033,-0.13357,-0.02497,-0.99522,-0.53746,-0.092102,0.56177,-0.42272,0.43398,0.034107,-0.36465,0.17363,0.010187,-0.48426,-0.14332,0.18414,0.13288,0.0015972,-0.071833,0.22398,-0.26216,-0.24201,-0.45049,-0.4563,-0.0013776,1
0.6875,-0.38751,-0.22651,-1.2569,-0.85056,0.029957,0.13251,-1.1681,-1.0339,0.42816,0.75092,-0.8744,0.82327,-0.092284,-0.41174,0.21062,0.064472,-0.74654,-0.057844,0.11621,0.12504,0.083244,0.0029722,0.18199,-0.26862,-0.2394,-0.45583,-0.45288,-0.0065371,1
1.1165,-0.73163,-0.72446,-0.030814,-0.28993,-0.12351,0.020514,-1.0508,-0.52767,-0.1031,0.5185,-0.37922,0.42073,0.040193,-0.40122,0.15259,-0.0032279,-0.48934,-0.13362,0.1833,0.12917,-0.0026772,-0.075629,0.22244,-0.26176,-0.24161,-0.45069,-0.45706,-0.001322,1
0.30769,-0.096823,-0.39274,-0.76897,0.10651,-0.19336,-0.34359,-1.3359,-0.38319,0.24814,0.44516,-0.14232,0.3633,0.028747,-0.38976,0.09995,0.16225,-0.49618,-0.23652,0.67055,0.7035,-0.2636,-0.25057,0.024488,-0.21748,-0.16471,-0.3512,-0.32862,-0.0026778,-1
0.7252,-0.39194,-0.17613,-1.1553,-0.74197,-0.079106,0.033678,-1.3318,-1.0062,0.19649,0.51738,-0.77078,0.74207,-0.038627,-0.38517,0.18741,0.051447,-0.67679,-0.081426,0.12158,0.087642,0.037942,-0.058846,0.2082,-0.26309,-0.23473,-0.45332,-0.45388,-0.0057282,1
0.31259,-0.099871,-0.39531,-0.76812,0.098832,-0.19368,-0.34395,-1.3372,-0.38742,0.24719,0.44439,-0.14213,0.36389,0.030099,-0.39145,0.098879,0.16167,-0.49518,-0.23715,0.67007,0.70299,-0.26307,-0.25042,0.024916,-0.2176,-0.16498,-0.35125,-0.32883,-0.0026189,-1
1.1701,-0.74141,-0.56873,0.13151,-0.30496,-0.15133,-0.020582,-0.9799,-0.54992,-0.096538,0.56104,-0.43876,0.43593,0.035119,-0.34779,0.18045,0.010655,-0.49135,-0.14452,0.18322,0.13208,0.0012982,-0.07218,0.22481,-0.26236,-0.2418,-0.45099,-0.4562,-0.0015914,1
0.82783,-0.54676,-0.41999,-0.019434,0.22975,0.3513,-0.73888,-1.2376,-0.40472,0.032878,0.69558,-0.5479,0.53429,-0.065435,-0.44524,0.17168,0.048279,-0.51685,-0.1652,0.3113,0.039144,0.04437,-0.042728,0.21174,0.15918,-0.43956,-0.61984,-0.52209,0.038059,1
0.77034,-0.42927,-0.63125,-0.22978,0.18652,0.48823,-0.7682,-1.4128,-0.39408,-0.018677,0.68712,-0.59045,0.39763,0.088612,-0.50057,0.23387,0.19539,-0.53744,-0.097117,0.15135,0.078316,-0.013224,-0.078494,0.19446,-0.2665,-0.23482,-0.45385,-0.46178,0.00039451,1
-1.4375,-0.67162,-0.51835,-0.22144,-0.25188,-0.02067,-0.13864,-1.1889,-0.57934,-0.014303,0.51759,-0.4038,0.47503,0.046043,-0.44937,0.1349,0.011018,-0.49902,-0.13239,0.18217,0.13665,0.0074946,-0.078398,0.23167,-0.28396,-0.25561,-0.4698,-0.48824,-0.00016765,-1
0.6004,-0.40296,-0.62425,-0.92112,-0.53939,-0.27894,-0.34479,-0.89478,-0.49169,-0.44903,0.41558,-0.21105,0.50476,0.0005941,-0.4663,0.1902,0.071873,-0.53438,-0.1403,0.19951,0.11165,-0.041976,-0.13167,0.23326,-0.27254,-0.2457,-0.46018,-0.47726,-0.0022901,1
0.48632,-0.31669,-0.36287,-0.73542,-0.17635,-0.15489,-0.17792,-1.0175,-0.046466,-0.054416,0.4637,-0.071804,0.82479,0.52116,-0.37067,0.060246,0.042521,-0.35042,-0.21933,0.19533,0.11403,-0.061767,-0.14029,0.25469,-0.35533,-0.1581,-1.141,0.024671,0.56224,-1
0.84957,-0.36603,0.84856,-0.025765,-0.53952,0.38635,-0.32793,-1.1,-0.34687,-0.15434,0.46,-0.35354,0.48966,0.008735,-0.53553,0.15033,0.04408,-0.39433,-0.1532,0.1836,0.13045,0.038147,-0.055994,0.21577,-0.25726,-0.24393,-0.43663,-0.45057,-0.0026018,-1
-0.28875,1.5505,-0.90181,-0.14252,-0.19703,0.10392,-0.26063,-1.0842,-0.64972,0.2705,0.29201,-0.50679,0.46241,0.090998,-0.43582,0.10391,0.027527,-0.49888,-0.096036,0.16483,0.099446,0.0095055,-0.089696,0.21085,-0.24776,-0.23793,-0.4298,-0.43669,-0.0015521,-1
0.79927,-0.5575,-0.61933,-0.25917,0.165,0.48964,-0.78024,-1.3993,-0.42245,-0.018736,0.66611,-0.51684,0.50235,-0.032165,-0.41506,0.17767,0.039813,-0.49552,-0.082169,0.16355,0.10374,0.0067758,-0.074462,0.22263,-0.2591,-0.23296,-0.44744,-0.44638,0.0012043,1
-0.41621,1.7051,-0.84136,-0.32778,-0.099109,0.26976,-0.023251,-0.68272,-1.1392,-0.28985,1.1182,-0.28324,0.52571,0.080544,-0.6131,0.12535,-0.06216,-0.49308,-0.11892,0.20485,0.023304,-0.14371,-0.21986,0.2416,-0.25513,-0.2498,-0.42991,-0.43291,-0.00086741,-1
0.7414,-0.49287,-0.65039,-0.98668,-0.79494,-0.27353,-0.23419,-1.0055,-0.40275,-0.15292,0.58447,-0.43371,0.5112,0.0085849,-0.46156,0.094522,0.017228,-0.51502,-0.12129,0.19331,0.12576,0.00022707,-0.094297,0.22532,-0.26584,-0.24513,-0.45317,-0.46431,0.00073453,1
0.51323,-0.28467,-0.02708,-0.3636,-0.048284,-0.37571,-0.10924,-0.75022,-0.016511,0.015517,0.52407,-0.1292,0.87187,0.47497,-0.43902,0.048593,0.069097,-0.29441,-0.24082,0.20167,0.13701,-0.050592,-0.12795,0.24871,-0.35542,-0.16349,-1.1332,0.020783,0.55958,-1
0.99092,-0.66055,-0.61774,-0.10222,-0.076775,0.39255,-0.76661,-1.3646,-0.57763,-0.030904,0.67872,-0.52741,0.49989,0.022799,-0.37622,0.16822,0.026835,-0.48547,-0.11281,0.17253,0.11542,0.010324,-0.071037,0.22567,-0.26175,-0.23843,-0.44838,-0.44693,0.0025313,1
-0.25004,1.5296,-0.89544,-0.16728,-0.30442,0.13673,-0.17388,-1.0155,-0.49743,0.12217,0.34408,-0.51866,0.44283,0.066964,-0.43416,0.12357,0.021049,-0.49232,-0.098201,0.16945,0.094377,0.0056189,-0.089394,0.21247,-0.24666,-0.23775,-0.42996,-0.43329,-0.0016627,-1
1.0022,-0.70268,-0.97752,-0.42834,-0.28582,0.12469,-0.026374,-1.2861,-0.48989,-0.15373,0.47491,-0.34631,0.43249,0.02617,-0.49834,0.12436,-0.016316,-0.4803,-0.11127,0.17446,0.11403,-0.001459,-0.074368,0.21715,-0.26055,-0.23844,-0.44768,-0.45227,0.00053376,1
1.0054,-0.70384,-0.97778,-0.41692,-0.27467,0.11201,-0.039729,-1.2996,-0.48451,-0.17542,0.45346,-0.33319,0.42321,0.03206,-0.49674,0.12095,-0.017748,-0.47246,-0.11379,0.17553,0.11102,-0.0060495,-0.08053,0.21974,-0.26019,-0.23802,-0.44739,-0.45253,0.0007552,1
0.68458,-0.39101,-0.25299,-1.2518,-0.85025,0.022421,0.11657,-1.152,-1.0214,0.43784,0.76273,-0.86199,0.81848,-0.09032,-0.41716,0.20558,0.064011,-0.74312,-0.058333,0.11897,0.12888,0.083515,0.0036865,0.18156,-0.26912,-0.2401,-0.45592,-0.4537,-0.0062455,1
-0.31187,1.5256,-0.88364,-0.16179,-0.2578,0.14827,-0.17826,-0.98629,-0.49141,0.10817,0.31957,-0.52573,0.43483,0.064496,-0.42464,0.11554,0.0079969,-0.48546,-0.099136,0.17046,0.10018,0.0193,-0.10586,0.20741,-0.24005,-0.22258,-0.43361,-0.43646,-0.0031045,-1
0.77173,-0.5043,-0.62292,-0.89533,-0.7329,-0.30877,-0.38972,-1.1032,-0.36034,-0.30357,0.46154,-0.37106,0.4602,0.041944,-0.43982,0.08359,0.014564,-0.46697,-0.13827,0.19953,0.1071,-0.02448,-0.12961,0.24168,-0.26293,-0.24285,-0.45175,-0.46475,0.0017656,1
0.086915,1.1142,-0.68627,-0.26083,-0.18162,-0.1788,-0.24608,-1.4675,-0.099356,0.12963,0.47439,-0.036784,0.7673,-0.38754,-0.24017,0.11489,-0.28958,-0.42782,-0.0090286,0.14989,0.1002,0.055357,-0.11348,0.32162,-0.19793,-0.19437,-0.38924,-0.37886,-0.0023458,-1
1.0052,-0.70378,-0.97777,-0.41752,-0.27526,0.11268,-0.039024,-1.2989,-0.48479,-0.17428,0.45459,-0.33388,0.4237,0.031751,-0.49682,0.12113,-0.017673,-0.47287,-0.11365,0.17547,0.11118,-0.0058095,-0.080203,0.2196,-0.26022,-0.23803,-0.4474,-0.45252,0.00075416,1
1.0118,-0.70627,-0.95376,-0.40553,-0.28506,0.15635,-0.099848,-1.3029,-0.47789,-0.17694,0.48262,-0.35467,0.43341,0.026091,-0.48984,0.12951,-0.010381,-0.47508,-0.11388,0.17394,0.11618,0.0063942,-0.06681,0.21651,-0.25965,-0.23872,-0.44714,-0.45026,0.00054021,1
0.76775,-0.49087,-0.50859,-0.78657,-0.68175,-0.30042,-0.47421,-1.0452,-0.31597,-0.29928,0.4905,-0.40465,0.48737,0.016405,-0.47899,0.082214,0.027759,-0.44424,-0.14295,0.20242,0.11332,-0.022026,-0.12818,0.23991,-0.2634,-0.24457,-0.44883,-0.46581,0.0012013,1
-1.5099,-0.64064,-0.52367,-0.23206,-0.20987,0.026683,-0.13394,-1.1367,-0.6514,0.096998,0.53052,-0.47454,0.48884,0.0506,-0.44518,0.11052,-0.020509,-0.50921,-0.1234,0.1937,0.11965,-0.044401,-0.13479,0.24282,-0.28917,-0.25827,-0.47614,-0.49784,-0.00018488,-1
0.7629,-0.41461,0.0074708,-0.9551,-0.93746,0.48179,0.42971,-1.2949,-0.69722,0.14343,0.53922,-0.32203,0.48534,0.046149,-0.34384,0.22925,0.044358,-0.44215,-0.15277,0.16005,0.096822,0.030366,-0.059212,0.22112,-0.25364,-0.2345,-0.44563,-0.44418,-0.0014327,-1
0.50898,1.074,-1.0679,0.33412,0.03578,-0.040861,0.016795,-1.5557,-0.23721,0.03572,0.56607,-0.47536,0.56611,-0.12056,-0.49416,0.29486,0.065639,-0.64752,-0.049528,0.10042,0.094191,0.047353,-0.057997,0.25851,-0.27324,-0.2366,-0.46137,-0.487,-0.0049332,-1
0.057615,-0.27101,0.30019,-0.20762,0.11079,0.035486,-0.39871,-1.0699,-0.094725,-0.19446,1.2792,-0.053724,-0.1292,0.36239,-0.55506,0.39041,-0.82616,-0.47096,-0.69872,0.061737,0.17554,0.24692,-0.11577,-0.027689,-0.36172,-0.43884,-0.37789,-0.33354,0.023681,-1
1.1536,-0.73992,-0.62689,0.079544,-0.30427,-0.15855,0.0095824,-0.98687,-0.53952,-0.080797,0.55529,-0.40825,0.42931,0.037242,-0.36983,0.16891,0.0067553,-0.50755,-0.13568,0.18097,0.14238,0.017588,-0.051813,0.21681,-0.26214,-0.24262,-0.45115,-0.45536,-0.0018594,1
-0.60679,-0.65394,-0.53791,-0.28303,-0.44592,-0.37766,-0.22549,-1.7678,-0.63919,-0.020131,0.8265,-0.22734,0.31695,0.32202,-0.6437,0.18315,0.26634,-0.35808,0.15706,0.26515,0.13034,-0.020709,-0.054124,0.34304,-0.27362,-0.23774,-0.5269,-0.57438,0.0035896,-1
1.0142,-0.70723,-0.94361,-0.40432,-0.29206,0.17639,-0.12086,-1.302,-0.47585,-0.17202,0.49937,-0.36512,0.44012,0.021768,-0.48708,0.13481,-0.0050323,-0.47849,-0.1134,0.17179,0.12124,0.017157,-0.054425,0.21319,-0.25995,-0.23851,-0.44649,-0.44859,0.00090321,1
-0.48398,1.5949,-0.8263,-0.32321,-0.128,0.27276,-0.0015281,-0.67542,-1.0998,-0.33447,1.1273,-0.27236,0.54287,0.048738,-0.60176,0.1339,-0.096699,-0.49425,-0.13062,0.19583,0.040397,-0.07939,-0.28487,0.21466,-0.23062,-0.18711,-0.44347,-0.4492,-0.0054933,-1
-0.27196,1.5171,-0.86943,-0.18335,-0.22111,0.14002,-0.19158,-0.99012,-0.47686,0.09801,0.29444,-0.51731,0.40752,0.076627,-0.42159,0.11768,0.037555,-0.48696,-0.12863,0.17905,0.14499,0.024341,-0.080063,0.24506,-0.29867,-0.2738,-0.48515,-0.51417,0.00011112,-1
-0.27645,1.5393,-0.89737,-0.17451,-0.30315,0.16295,-0.15961,-0.98073,-0.50165,0.14659,0.3506,-0.55115,0.44538,0.064685,-0.43032,0.11762,0.0076618,-0.49649,-0.094794,0.17497,0.087125,-0.016098,-0.11245,0.21711,-0.24879,-0.23882,-0.43287,-0.43699,-0.0017538,-1
1.0361,-0.66604,-0.87593,-0.31867,-0.29682,0.32153,-0.34924,-1.3442,-0.41935,-0.23186,0.56982,-0.43682,0.53766,0.1413,-0.47132,0.14009,0.022118,-0.50817,-0.19464,0.34509,0.038909,0.090522,-0.083931,0.26425,-0.02157,-0.3732,-0.55857,-0.46646,-0.27564,-1
0.58198,-0.29117,0.1029,-0.59183,-0.24343,-0.19421,-0.0085913,-1.1144,-0.36523,-0.10753,0.33192,-0.28621,0.4349,0.0034477,-0.42271,0.13875,0.054585,-0.39103,-0.14094,0.17761,0.077002,-0.035806,-0.14675,0.24739,-0.2511,-0.23186,-0.44169,-0.46124,-0.0037351,1
0.72722,-0.47095,-0.63581,-0.88407,-0.55746,-0.41228,-0.45475,-1.2706,-0.7045,0.01489,0.37624,-0.34677,0.51073,0.089591,-0.45262,0.04606,0.020646,-0.49249,-0.13012,0.18683,0.10509,-0.030792,-0.14558,0.24245,-0.26433,-0.24157,-0.45104,-0.47228,0.0015824,1
1.004,-0.70335,-0.97767,-0.42173,-0.27937,0.11735,-0.034108,-1.2939,-0.48677,-0.16629,0.46249,-0.33871,0.42712,0.029586,-0.49741,0.12239,-0.01715,-0.47575,-0.11273,0.17505,0.1123,-0.0041292,-0.07793,0.21865,-0.26041,-0.23814,-0.44748,-0.45242,0.00071784,1
1.2269,-0.67623,-0.088199,0.052289,-0.29551,-0.09175,0.35444,-1.262,-0.79147,-0.27388,0.30279,-0.6386,0.51048,0.006658,-0.24712,0.2678,0.016194,-0.55072,-0.13811,0.13371,0.058746,-0.0092265,-0.092378,0.23458,-0.25061,-0.22993,-0.45023,-0.443,-0.008956,1
1.0675,-0.7192,-0.81894,-0.20836,-0.29629,0.04162,-0.065131,-1.1725,-0.50244,-0.13716,0.51873,-0.38104,0.43011,0.033553,-0.44563,0.13919,-0.014022,-0.5008,-0.11711,0.17881,0.12392,0.0014283,-0.069882,0.21805,-0.26239,-0.24035,-0.45021,-0.45391,9.3036e-05,1
0.69943,-0.44101,-0.50804,-0.72282,-0.43736,-0.51357,-0.46181,-1.1426,-0.62937,0.044984,0.38159,-0.34252,0.53355,0.055461,-0.54083,0.023569,0.035583,-0.44784,-0.13735,0.1932,0.11831,-0.029955,-0.14565,0.23854,-0.26462,-0.24451,-0.44549,-0.47669,0.00029268,-1
1.0833,-0.68748,-0.52472,0.11164,-0.16753,-0.19333,0.060641,-0.93897,-0.47113,-0.068262,0.50791,-0.4149,0.47288,-0.012695,-0.50902,0.13846,0.014196,-0.461,-0.13412,0.18249,0.13891,0.0020407,-0.071079,0.21467,-0.26201,-0.24371,-0.44453,-0.46067,-0.003689,1
-1.2799,-0.72129,-0.22844,0.2417,-0.29353,-0.30997,-0.088962,-0.93834,-0.63494,0.033641,0.53276,-0.45379,0.48237,0.057104,-0.40264,0.13928,0.036912,-0.45091,-0.17573,0.1901,0.17053,0.037642,-0.048178,0.22821,-0.28389,-0.26164,-0.4654,-0.48917,-0.0015458,-1
-0.24552,1.52,-0.89916,-0.19179,-0.39064,0.19059,-0.10124,-0.93219,-0.41234,0.066068,0.38278,-0.56557,0.44092,0.047143,-0.43304,0.13311,0.0035285,-0.49744,-0.095786,0.17882,0.082725,-0.024152,-0.11866,0.21902,-0.249,-0.23887,-0.43378,-0.43653,-0.0019846,-1
-0.23436,1.5211,-0.89746,-0.16581,-0.31572,0.12749,-0.17701,-1.0328,-0.48927,0.12609,0.34027,-0.51353,0.44288,0.066931,-0.43098,0.12753,0.025857,-0.49427,-0.098285,0.16723,0.096094,0.011868,-0.083653,0.21155,-0.24586,-0.23689,-0.42927,-0.43236,-0.0016725,-1
1.1681,-0.74229,-0.58576,0.10716,-0.30854,-0.15915,0.00083919,-0.98058,-0.54743,-0.079092,0.56685,-0.42986,0.44403,0.026001,-0.34786,0.19139,0.031278,-0.48619,-0.14791,0.17595,0.14782,0.036984,-0.032826,0.2144,-0.26006,-0.24176,-0.44811,-0.45149,-0.0021402,1
1.0563,-0.68135,-0.58167,0.054493,-0.1487,-0.16376,0.034902,-0.96913,-0.44552,-0.078016,0.49756,-0.39624,0.47344,-0.017902,-0.53963,0.12899,0.016842,-0.43986,-0.1352,0.18337,0.13766,0.00037077,-0.074061,0.21488,-0.26179,-0.24323,-0.44245,-0.46057,-0.0029942,1
0.98292,-0.68642,-0.94004,-0.42077,-0.23819,0.14457,-0.074245,-1.294,-0.45825,-0.16688,0.49482,-0.34811,0.4315,0.01713,-0.49147,0.13086,-0.0027879,-0.4775,-0.10949,0.16875,0.12438,0.027521,-0.042082,0.20954,-0.25781,-0.23837,-0.44553,-0.4469,3.6433e-05,1
0.98278,-0.68775,-0.98668,-0.39267,-0.17139,0.067434,-0.13209,-1.3936,-0.6639,-0.0079588,0.42251,-0.31673,0.44713,0.061687,-0.50501,0.09527,-0.014027,-0.47761,-0.11147,0.17082,0.11269,-0.007275,-0.086987,0.22022,-0.26099,-0.23792,-0.44637,-0.45596,0.0012178,-1
1.0015,-0.70243,-0.97746,-0.43075,-0.28818,0.12736,-0.023565,-1.2833,-0.49102,-0.14917,0.47942,-0.34907,0.43444,0.024936,-0.49868,0.12508,-0.016021,-0.48193,-0.11075,0.1742,0.11469,-0.00050777,-0.073064,0.2166,-0.26071,-0.23846,-0.4477,-0.45221,0.00055517,1
1.0215,-0.71063,-0.92991,-0.37925,-0.27214,0.20369,-0.17075,-1.3163,-0.45473,-0.1846,0.49454,-0.37193,0.49299,0.057547,-0.49027,0.12211,-0.0025935,-0.54338,-0.22651,0.76138,-0.27509,0.26586,-0.039769,0.31199,-0.61217,-0.090793,-0.33405,-0.41216,-0.055207,1
0.092524,1.2797,-0.51573,0.29606,-0.35643,0.15946,-0.85428,-0.88674,-0.90401,-0.24414,0.56776,-0.11407,0.67745,-0.0051702,-0.37312,0.51936,0.26044,-0.6271,-0.14713,0.1406,0.010704,-0.063135,0.044597,0.040656,-0.28055,-0.24402,-0.4488,-0.47724,-0.012056,-1
0.755,-0.49715,-0.6375,-0.97843,-0.78293,-0.29275,-0.25627,-1.0379,-0.3896,-0.17921,0.55639,-0.40621,0.50586,0.0086544,-0.45316,0.10469,0.040574,-0.51213,-0.12523,0.18259,0.14627,0.050984,-0.038991,0.21201,-0.2627,-0.24413,-0.44916,-0.45676,0.00067955,1
0.73191,-0.48835,-0.64597,-1.0105,-0.81685,-0.2431,-0.20471,-0.97463,-0.42287,-0.11564,0.6231,-0.46056,0.53197,-0.0036427,-0.46402,0.10413,0.02087,-0.53255,-0.11676,0.19088,0.13174,0.0092374,-0.081647,0.2198,-0.26707,-0.24599,-0.45395,-0.46392,0.00032719,1
1.0675,-0.7214,-0.82846,-0.19001,-0.28157,-0.026088,-0.0075035,-1.163,-0.50808,-0.14114,0.48427,-0.35528,0.41781,0.039316,-0.44327,0.13544,-0.014443,-0.49066,-0.12816,0.1789,0.12009,-0.0031711,-0.081081,0.21831,-0.26034,-0.2433,-0.45043,-0.45522,-0.0020229,1
1.1457,-0.73758,-0.65516,0.06513,-0.28738,-0.18352,0.032532,-1.0055,-0.53903,-0.10205,0.51721,-0.3865,0.41603,0.045311,-0.37638,0.15912,-0.0014644,-0.49184,-0.13884,0.18451,0.13067,-0.0047096,-0.078015,0.22454,-0.26247,-0.24148,-0.4511,-0.45799,-0.0012617,1
0.99523,-0.69635,-0.97089,-0.41612,-0.25309,0.10857,-0.041704,-1.3006,-0.47609,-0.18177,0.4545,-0.3301,0.4184,0.031955,-0.49557,0.11876,-0.018682,-0.46934,-0.11306,0.17546,0.10982,-0.006578,-0.081016,0.22025,-0.25974,-0.23776,-0.44709,-0.45206,0.00081514,1
-1.4779,-0.64854,-0.50854,-0.21179,-0.19197,-0.021492,-0.15532,-1.1684,-0.58128,-0.05835,0.4868,-0.38365,0.45974,0.05038,-0.44092,0.1335,0.014994,-0.4902,-0.13572,0.18143,0.14406,0.022156,-0.06031,0.22708,-0.28366,-0.25658,-0.46943,-0.48604,-0.00017941,-1
0.40485,-0.19346,0.2503,-0.29032,0.081095,0.050837,-0.7735,-0.83684,0.021213,-0.13923,0.9151,-0.32727,0.29647,0.0202,-0.26413,0.098614,0.0019674,-0.45755,-0.091876,0.20872,0.12191,0.0025954,-0.084802,0.23702,-0.25649,-0.2417,-0.45223,-0.44793,0.0035218,1
1.0915,-0.72863,-0.73554,-0.14424,-0.3109,0.20253,-0.33596,-1.2159,-0.46837,-0.19715,0.58563,-0.44741,0.44819,0.025943,-0.41864,0.15832,-0.0017992,-0.48267,-0.12445,0.18158,0.12038,0.0029362,-0.071434,0.22267,-0.26239,-0.24083,-0.44965,-0.45,0.0012774,1
1.2357,-0.67966,-0.056893,0.055345,-0.31626,-0.033448,0.29059,-1.2615,-0.78391,-0.25935,0.35209,-0.66715,0.53097,-0.0070968,-0.23809,0.28551,0.035913,-0.56161,-0.13687,0.12562,0.077541,0.03138,-0.046014,0.22221,-0.25094,-0.2294,-0.44779,-0.43687,-0.008041,1
0.67133,-0.26247,0.51305,-0.32019,-0.2019,-0.3402,0.13657,-1.0115,-0.48503,-0.16028,0.37367,-0.3998,0.529,-0.033881,-0.63189,0.05255,0.051889,-0.25274,-0.17979,0.1754,0.090093,-0.0063643,-0.11444,0.23445,-0.24708,-0.24191,-0.42093,-0.45338,-0.0051152,-1
0.77514,-0.48323,-0.47866,-0.7959,-0.71045,-0.08441,-0.75604,-1.1394,-0.28997,-0.37034,0.57916,-0.48134,0.47206,0.03818,-0.40865,0.11856,0.048219,-0.46099,-0.14232,0.20107,0.099733,-0.024426,-0.12998,0.24318,-0.26408,-0.24348,-0.45269,-0.4613,0.0030037,1
1.0711,-0.71972,-0.81198,-0.19818,-0.30459,0.0071728,-0.0080987,-1.1356,-0.51493,-0.10248,0.53311,-0.38565,0.43804,0.027163,-0.44029,0.14703,-0.0052691,-0.5035,-0.11912,0.17629,0.13153,0.013658,-0.055539,0.21378,-0.26218,-0.24054,-0.44951,-0.45323,-0.00037073,1
0.33264,-0.48689,-0.53104,-0.66477,-0.35454,-0.23923,-0.34712,-1.4913,-0.60648,0.18059,0.45121,-0.11572,0.41554,0.054658,-0.42278,0.028343,0.082635,-0.54446,-0.54385,0.56838,0.60612,-0.35877,-0.12473,0.014566,-0.24625,-0.1574,-0.34097,-0.35539,-0.0010144,-1
1.0032,-0.70305,-0.97761,-0.42472,-0.28226,0.12068,-0.030577,-1.2904,-0.48819,-0.16054,0.46814,-0.34215,0.42957,0.027976,-0.49783,0.12333,-0.016718,-0.4779,-0.11205,0.17508,0.11294,-0.0027901,-0.076364,0.21795,-0.25979,-0.23886,-0.4479,-0.45241,7.1978e-05,1
-0.19746,1.4748,-0.86196,-0.21753,-0.40617,0.18609,-0.057987,-0.89003,-0.22317,-0.14445,0.3586,-0.5317,0.37573,0.038201,-0.42045,0.15056,0.032447,-0.47434,-0.13399,0.18462,0.14176,0.028461,-0.069238,0.245,-0.29634,-0.27328,-0.48454,-0.50768,-0.00010917,-1
-0.26967,1.536,-0.89472,-0.16385,-0.291,0.14538,-0.17662,-1.0002,-0.48807,0.12671,0.31989,-0.52914,0.43941,0.066015,-0.42772,0.12234,0.019344,-0.49248,-0.097646,0.17072,0.095235,0.0039374,-0.091539,0.21235,-0.2473,-0.23805,-0.43108,-0.43435,-0.0018285,-1
1.0033,-0.70311,-0.97762,-0.42413,-0.28171,0.12002,-0.031296,-1.2911,-0.48791,-0.16173,0.467,-0.34147,0.42907,0.028343,-0.49775,0.12311,-0.016846,-0.47741,-0.1122,0.17484,0.11293,-0.0031553,-0.076636,0.2181,-0.26044,-0.23826,-0.44756,-0.45237,0.00063712,1
1.1905,-0.74666,-0.49083,0.18679,-0.31465,-0.047465,-0.19439,-1.0052,-0.53229,-0.13688,0.60456,-0.48999,0.4502,0.029294,-0.32688,0.19504,0.018242,-0.48474,-0.14837,0.18424,0.12959,0.0031851,-0.072047,0.22742,-0.26219,-0.24227,-0.45096,-0.45349,-0.0011741,1
1.0061,-0.70411,-0.97786,-0.41446,-0.27222,0.10932,-0.042504,-1.3024,-0.48337,-0.1799,0.44896,-0.3304,0.42128,0.033158,-0.49638,0.12035,-0.017915,-0.47102,-0.11427,0.17651,0.11,-0.0066981,-0.081964,0.22025,-0.25837,-0.23941,-0.44818,-0.45273,-0.00062106,1
0.89038,0.4699,-1.2953,0.066515,-0.58519,0.070104,0.036061,-1.6384,-0.39713,-0.22578,0.51049,-0.37741,0.64215,-0.16045,-0.447,0.19079,-0.1208,-0.49953,-0.12653,0.25727,0.1427,-0.15565,0.085874,-0.0089995,-0.34738,-0.27557,-0.51026,-0.56837,-0.0067812,-1
0.20185,1.3553,-0.13621,-0.088113,-0.024893,-0.31583,0.049052,-1.5883,-0.45523,-0.084586,0.73234,-0.36359,0.50342,-0.066171,-0.29992,0.10286,-0.067514,-0.39417,-0.12922,0.12634,0.11473,0.085899,-0.059547,0.3447,-0.29994,-0.27507,-0.4925,-0.53067,0.0031206,-1
0.69845,-0.37597,-0.13657,-1.2706,-0.84811,0.051576,0.18248,-1.2271,-1.0748,0.38839,0.70401,-0.91244,0.83665,-0.097106,-0.3928,0.2267,0.065589,-0.75568,-0.056972,0.10719,0.111,0.080879,-0.0014041,0.18426,-0.26676,-0.23688,-0.45545,-0.45019,-0.007485,1
0.47572,-0.46259,-0.72319,-0.45544,0.46787,0.16504,0.069706,-1.1656,0.10352,-0.17492,0.54698,-0.31359,0.95654,0.48659,-0.35676,0.13594,-0.01034,-0.56996,-0.26554,0.12858,0.11797,0.034629,-0.14902,0.12754,-0.25132,-0.28256,-0.43555,-0.45572,0.32144,-1
1.0588,-0.71751,-0.83865,-0.24945,-0.30238,0.069884,-0.066676,-1.1876,-0.50104,-0.12773,0.53076,-0.38794,0.44296,0.022408,-0.44769,0.1498,0.0018697,-0.48868,-0.12105,0.17455,0.12952,0.019877,-0.050653,0.21333,-0.25996,-0.24066,-0.44827,-0.45069,-0.00077718,1
0.91234,-0.59768,-0.89721,-0.40086,-0.12877,0.16382,-0.10753,-1.2946,-0.40287,-0.18853,0.53687,-0.38778,0.37456,0.058644,-0.51393,0.14596,0.048865,-0.48556,-0.11496,0.16419,0.10173,0.0043191,-0.063985,0.20214,-0.26123,-0.2391,-0.44761,-0.45204,0.00048022,1
0.64442,-0.36452,-0.14989,-0.40396,-0.20386,-0.69,-0.40185,-0.87696,-0.51715,0.1289,0.41057,-0.39764,0.6181,-0.036434,-0.72776,-0.0081498,0.071357,-0.37262,-0.14764,0.19735,0.14389,-0.017873,-0.13302,0.22513,-0.26485,-0.25008,-0.43307,-0.48315,-0.003521,1
0.13288,1.1551,-0.47127,-0.072265,-0.20411,0.21525,-0.92436,-1.5782,-0.10251,0.10808,0.69225,-0.26048,0.79008,-0.34161,-0.21708,0.18306,-0.18453,-0.43924,-0.024724,0.14646,0.091345,0.063753,-0.10168,0.31151,-0.2038,-0.198,-0.39223,-0.3777,0.00010333,-1
-0.1891,1.4785,-0.87264,-0.17415,-0.26721,0.087256,-0.21063,-1.0778,-0.45291,0.090756,0.28993,-0.4679,0.41557,0.074089,-0.4313,0.13742,0.0655,-0.49055,-0.13159,0.16781,0.15334,0.055477,-0.050103,0.23974,-0.29466,-0.27009,-0.48013,-0.50936,2.6474e-05,-1
0.5367,-0.074576,-0.49173,-0.25951,0.61204,0.43777,-0.68276,-1.4324,-0.36914,-0.176,1.1042,-0.68276,0.14586,0.28073,-0.61786,0.12355,0.28224,-0.44774,-0.1089,0.13734,0.061435,0.034,-0.0091504,0.17198,-0.25756,-0.24351,-0.44068,-0.43852,0.0062975,1
1.0059,-0.70403,-0.97782,-0.41511,-0.27291,0.11001,-0.041834,-1.3017,-0.48366,-0.17884,0.45008,-0.33112,0.42175,0.032987,-0.49648,0.12042,-0.017972,-0.47123,-0.11418,0.17571,0.11054,-0.0067683,-0.081504,0.22015,-0.2601,-0.23798,-0.44736,-0.45258,0.0007663,1
